episode,reward,epsilon,loss,steps,reward_rolling_100,cumulative_steps,loss_rolling_50
1,-133.9545,0.9979,,111,,111,
2,-347.289,0.9959,,104,,215,
3,-120.9546,0.9944,,79,,294,
4,-98.0501,0.9932,,62,,356,
5,-86.4207,0.9914,,95,,451,
6,-126.8723,0.9899,,80,,531,
7,-134.4285,0.9877,,115,,646,
8,-105.5714,0.9858,,102,,748,
9,-389.9465,0.9831,,141,,889,
10,-87.5262,0.9819,,61,,950,
11,-120.5191,0.9798,2.187415,115,,1065,
12,-94.4539,0.9771,1.938086,139,,1204,
13,-321.211,0.9746,2.102633,134,,1338,
14,-89.87,0.9732,1.556666,71,,1409,
15,-111.4181,0.9717,1.699805,82,,1491,
16,-271.499,0.9703,1.972352,74,,1565,
17,7.8867,0.9681,1.481805,116,,1681,
18,-288.6068,0.9662,1.726974,98,,1779,
19,-88.7552,0.9649,1.340823,69,,1848,
20,-132.6571,0.9636,1.512821,68,,1916,
21,-108.8092,0.9622,1.428775,76,,1992,
22,-0.5508,0.9604,1.623503,93,,2085,
23,-55.8026,0.959,1.582286,71,,2156,
24,-130.3093,0.9571,1.663039,103,,2259,
25,-155.2128,0.9547,1.808349,125,,2384,
26,-105.4957,0.9531,1.56742,83,,2467,
27,-309.8397,0.9508,1.539343,120,,2587,
28,-105.152,0.9496,1.469977,68,,2655,
29,-154.3356,0.9473,1.613377,119,,2774,
30,-175.7047,0.9447,1.618404,135,,2909,
31,-141.8421,0.9424,1.594902,124,,3033,
32,-321.1865,0.9403,1.507313,110,,3143,
33,-205.2693,0.9388,1.168698,79,,3222,
34,-88.0857,0.9369,1.597745,101,,3323,
35,-192.2236,0.9348,1.398197,107,,3430,
36,-272.5899,0.9333,1.466501,80,,3510,
37,-133.6591,0.9314,1.871874,102,,3612,
38,-109.2792,0.9302,1.178239,62,,3674,
39,-152.6505,0.9288,1.611299,75,,3749,
40,-99.4269,0.927,1.95787,92,,3841,
41,-58.7438,0.9243,1.33006,144,,3985,
42,-27.1989,0.9229,1.813078,71,,4056,
43,-82.9166,0.9212,1.613376,94,,4150,
44,-112.0743,0.9198,1.331294,72,,4222,
45,-118.0324,0.9175,1.812153,121,,4343,
46,-155.1901,0.9149,1.763122,136,,4479,
47,-108.6252,0.9127,1.64202,117,,4596,
48,-67.3591,0.9113,1.616295,74,,4670,
49,-119.219,0.9097,1.755698,81,,4751,
50,0.9745,0.9073,1.688431,130,,4881,
51,-234.9324,0.9054,1.721072,98,,4979,
52,-54.7929,0.9039,2.129507,77,,5056,
53,-78.9748,0.9022,1.898766,91,,5147,
54,-122.2042,0.901,1.831939,64,,5211,
55,-207.6697,0.8992,1.791633,92,,5303,
56,-144.3921,0.8978,1.636575,75,,5378,
57,-92.0358,0.8959,1.550392,99,,5477,
58,-116.1806,0.8941,1.98229,97,,5574,
59,-154.3471,0.8922,1.852352,99,,5673,
60,-84.9558,0.8898,2.056378,126,,5799,1.67205844
61,-228.7671,0.8873,1.821758,135,,5934,1.6647452999999999
62,-57.5133,0.8859,2.443857,69,,6003,1.67486072
63,-145.0798,0.8842,2.117987,91,,6094,1.6751678
64,-88.8066,0.8817,2.247729,134,,6228,1.68898906
65,-111.448,0.8801,2.455216,85,,6313,1.70409728
66,-64.8214,0.8787,1.806212,69,,6382,1.70077448
67,-110.169,0.8759,1.9714,150,,6532,1.71056638
68,-92.3452,0.8734,2.081842,131,,6663,1.71766374
69,-108.2955,0.8721,1.95106,68,,6731,1.7298684800000002
70,-113.6868,0.8703,2.298069,93,,6824,1.74557344
71,-114.1871,0.8683,1.89283,107,,6931,1.75485454
72,-96.355,0.8668,2.223479,79,,7010,1.76685406
73,-98.2272,0.8651,2.177492,89,,7099,1.77875818
74,-20.3498,0.8627,2.187504,129,,7228,1.7892474800000002
75,-92.0338,0.8609,1.993446,94,,7322,1.79294942
76,-59.4257,0.8595,2.061202,74,,7396,1.8028250600000002
77,28.1604,0.8571,2.434901,127,,7523,1.82073622
78,-94.0071,0.8557,2.053879,73,,7596,1.83241426
79,-121.4318,0.8541,2.130089,82,,7678,1.8427485
80,-89.6099,0.8529,2.030846,64,,7742,1.8509973400000002
81,-84.0887,0.8512,1.785937,92,,7834,1.8548180399999998
82,-104.2824,0.849,1.922197,111,,7945,1.8631157200000001
83,-108.9087,0.8473,2.060115,94,,8039,1.88094406
84,-146.6654,0.8454,2.330152,96,,8135,1.8955922
85,-95.6125,0.8427,2.152851,142,,8277,1.9106852799999998
86,-71.0349,0.8399,2.151051,147,,8424,1.92437628
87,-98.6165,0.838,2.315749,104,,8528,1.93325378
88,-89.2139,0.8362,2.145186,94,,8622,1.9525927200000002
89,-61.2215,0.8342,1.98408,106,,8728,1.9600483400000002
90,-90.4215,0.8329,1.860131,67,,8795,1.95809356
91,-71.0768,0.831,1.786941,99,,8894,1.96723118
92,-161.7847,0.8293,1.621854,89,,8983,1.9634067
93,-87.0493,0.828,1.934176,71,,9054,1.9698227
94,-133.3278,0.8265,1.91112,75,,9129,1.9814192200000003
95,-82.9454,0.8253,1.972302,64,,9193,1.9846222
96,-177.476,0.8232,2.233931,113,,9306,1.99403838
97,-80.9713,0.8219,2.319729,66,,9372,2.00759256
98,-66.6571,0.8203,2.341456,85,,9457,2.0220957800000003
99,-75.4862,0.8182,2.007928,110,,9567,2.02714038
100,-92.0583,0.8169,1.692499,71,-121.557114,9638,2.02722174
101,-107.4624,0.8151,1.742561,94,-121.29219300000001,9732,2.02765152
102,-50.0278,0.8131,2.001069,106,-118.319581,9838,2.02508276
103,-83.0443,0.8113,1.834942,94,-117.940478,9932,2.02380628
104,-75.1913,0.8096,2.444657,89,-117.71189,10021,2.03606064
105,-100.2189,0.8074,2.196367,116,-117.84987199999999,10137,2.04415532
106,-124.0618,0.8059,1.591568,79,-117.821767,10216,2.04325518
107,-31.6921,0.8037,1.676016,113,-116.794403,10329,2.04576766
108,-57.2283,0.8016,1.862606,112,-116.310972,10441,2.04337398
109,-64.8306,0.8004,2.464842,65,-113.05981299999999,10506,2.05562378
110,-68.1028,0.7984,2.011892,102,-112.865579,10608,2.05473406
111,-61.9283,0.7968,2.029333,87,-112.279671,10695,2.0588855600000002
112,-108.9431,0.7942,2.138562,137,-112.42456299999999,10832,2.05277966
113,-57.2009,0.7922,1.726989,105,-109.784462,10937,2.0449597
114,-123.3983,0.7905,2.230157,87,-110.11974499999998,11024,2.04460826
115,-90.6872,0.7887,1.82172,96,-109.912436,11120,2.03193834
116,-122.8569,0.787,1.856931,90,-108.426015,11210,2.03295272
117,-46.5051,0.7856,1.935708,72,-108.969933,11282,2.03223888
118,-118.5362,0.7837,1.777662,101,-107.26922699999999,11383,2.02615528
119,-74.7197,0.782,1.993282,90,-107.12887200000002,11473,2.02699972
120,-76.3319,0.78,2.201169,107,-106.56562,11580,2.02506172
121,-49.898,0.7784,1.80966,81,-105.97650800000001,11661,2.02339832
122,-102.5371,0.7772,1.830745,67,-106.996371,11728,2.0155436399999997
123,-136.9602,0.7753,1.899833,98,-107.807947,11826,2.00999046
124,-80.7993,0.7731,1.967133,116,-107.312847,11942,2.00558304
125,-105.1135,0.7717,2.019001,76,-106.811854,12018,2.00609414
126,-65.639,0.7698,1.964113,99,-106.413287,12117,2.00415236
127,-58.4311,0.7679,1.91475,100,-103.899201,12217,1.99374934
128,-102.3856,0.7658,2.074939,109,-103.871537,12326,1.99417054
129,-50.6184,0.7636,1.374657,118,-102.83436499999999,12444,1.9790619
130,-119.0507,0.7619,1.64018,88,-102.26782499999999,12532,1.97124858
131,-86.6046,0.7606,2.094312,68,-101.71545,12600,1.9774160800000002
132,-65.5002,0.7593,1.528094,68,-99.15858700000001,12668,1.9695340199999998
133,-67.3611,0.758,1.380841,70,-97.77950500000001,12738,1.95594854
134,-42.1505,0.7567,1.933968,69,-97.320153,12807,1.9480248599999999
135,-57.8238,0.7555,1.891526,63,-95.976155,12870,1.9427983600000003
136,-73.776,0.7532,1.600314,122,-93.988016,12992,1.9317836200000003
137,-80.7441,0.7516,1.639464,80,-93.458866,13072,1.9182579199999998
138,-46.2641,0.7498,1.47676,96,-92.82871500000002,13168,1.9048894
139,-112.2446,0.7481,1.95535,88,-92.42465600000001,13256,1.9043147999999999
140,-118.0744,0.7468,1.907914,70,-92.611131,13326,1.9052704599999999
141,-77.8473,0.7446,2.232835,115,-92.802166,13441,1.91418834
142,-128.1455,0.7426,1.698091,108,-93.81163199999999,13549,1.9157130800000002
143,-42.1405,0.7411,1.903133,76,-93.403871,13625,1.9150922200000002
144,-50.3326,0.7398,1.748733,68,-92.78645399999999,13693,1.91184448
145,-112.8209,0.7379,1.63944,101,-92.734339,13794,1.9051872399999998
146,-104.9735,0.7359,1.92278,105,-92.232173,13899,1.89896422
147,-16.9169,0.7341,1.65984,95,-91.31509,13994,1.8857664400000003
148,-45.6488,0.7327,2.019529,76,-91.09798699999999,14070,1.8793278999999998
149,-50.7598,0.7304,1.696399,119,-90.413395,14189,1.87309732
150,-63.2134,0.7285,1.776216,102,-91.055274,14291,1.8747716600000002
151,-115.6242,0.7268,1.992601,86,-89.862192,14377,1.8797724599999999
152,-59.7726,0.7247,1.898262,114,-89.91198899999999,14491,1.8777163199999998
153,-72.8094,0.7229,1.761011,91,-89.850335,14582,1.8762377000000001
154,-80.9557,0.7206,1.789879,122,-89.43785,14704,1.8631421400000001
155,-85.0014,0.7186,2.18454,109,-88.211167,14813,1.8629056
156,-49.1229,0.7166,2.214283,103,-87.258475,14916,1.8753599
157,-55.3046,0.7152,1.850905,75,-86.89116299999999,14991,1.8788576799999999
158,-44.121,0.7135,2.453412,87,-86.170567,15078,1.8906737999999998
159,-125.8585,0.7114,1.841616,110,-85.885681,15188,1.87820928
160,-39.2834,0.7091,2.094704,125,-85.428957,15313,1.87986552
161,-28.9763,0.7076,2.022105,75,-83.431049,15388,1.87972096
162,-101.3176,0.7061,1.682333,82,-83.869092,15470,1.87059638
163,-14.8764,0.7037,2.344974,125,-82.56705800000002,15595,1.8829560799999998
164,-25.8117,0.7015,2.4354,115,-81.937109,15710,1.88706094
165,-74.0382,0.6996,1.980996,103,-81.563011,15813,1.8902464600000002
166,-46.0636,0.6977,2.172047,96,-81.375433,15909,1.89654878
167,-90.4866,0.6959,1.757572,94,-81.178609,16003,1.8929860600000001
168,-90.9396,0.6934,1.843792,132,-81.16455300000001,16135,1.89430866
169,-82.1042,0.6912,2.073556,116,-80.90264,16251,1.89591414
170,-68.3605,0.6901,2.135817,62,-80.449377,16313,1.8946071
171,-51.576,0.6883,2.356564,92,-79.82326599999999,16405,1.90554518
172,-68.2386,0.6859,2.324964,125,-79.542102,16530,1.91542956
173,-34.9704,0.6844,1.892204,80,-78.909534,16610,1.9152769800000002
174,-50.3693,0.6828,2.027898,87,-79.209729,16697,1.91649228
175,-97.1791,0.6809,2.149112,96,-79.261182,16793,1.9190945
176,-67.7287,0.6795,1.892611,77,-79.344212,16870,1.9176644600000001
177,-90.7173,0.6776,2.161922,98,-80.532989,16968,1.9226079
178,-135.3249,0.6759,2.391194,90,-80.946167,17058,1.928933
179,-52.5279,0.6746,2.321252,66,-80.25712800000001,17124,1.9478649000000001
180,-18.263,0.672,2.403964,138,-79.54365899999999,17262,1.9631405800000001
181,-91.3036,0.6702,2.149526,95,-79.615808,17357,1.96424486
182,-28.6674,0.6681,1.863371,111,-78.859658,17468,1.9709504000000002
183,-49.7566,0.6662,2.427444,103,-78.268137,17571,1.99188246
184,-138.071,0.6637,2.145164,130,-78.182193,17701,1.9961063800000003
185,-51.4741,0.6625,2.052372,64,-77.740809,17765,1.9993232999999997
186,-128.7169,0.6601,1.975955,122,-78.317629,17887,2.00683612
187,-56.5963,0.6585,1.879141,89,-77.897427,17976,2.01162966
188,-41.6913,0.6564,2.221992,110,-77.422201,18086,2.0265343
189,-36.8242,0.6548,2.224688,81,-77.178228,18167,2.03192106
190,-12.1645,0.6532,2.158631,84,-76.395658,18251,2.0369354
191,-75.6737,0.6513,2.493892,100,-76.44162700000001,18351,2.04215654
192,-59.3587,0.6497,2.229283,84,-75.417367,18435,2.0527803799999997
193,-97.1077,0.6482,2.118915,81,-75.517951,18516,2.05709602
194,-65.5096,0.6458,2.303415,127,-74.83976899999999,18643,2.06818966
195,-182.4509,0.6428,2.301873,156,-75.834824,18799,2.08143832
196,-24.3451,0.6412,2.369815,84,-74.303515,18883,2.09037902
197,-32.09,0.6396,2.215364,87,-73.814702,18970,2.1014895
198,-39.1299,0.6381,2.379197,78,-73.53943,19048,2.10868286
199,32.213,0.6353,2.094141,149,-72.46243799999999,19197,2.1166377
200,-111.7107,0.6338,1.855152,78,-72.658962,19275,2.11821642
201,-49.6473,0.6323,2.642633,77,-72.080811,19352,2.13121706
202,-39.8403,0.6297,2.029086,137,-71.97893599999999,19489,2.13383354
203,6.2869,0.6279,2.016128,93,-71.085624,19582,2.13893588
204,-27.2052,0.6262,2.167447,93,-70.605763,19675,2.14648724
205,7.8293,0.6247,2.074615,79,-69.52528099999999,19754,2.14428874
206,-121.5257,0.6226,2.332194,108,-69.49992,19862,2.14664696
207,-35.8222,0.6191,2.292083,185,-69.54122100000001,20047,2.15547052
208,-167.5644,0.6172,2.241519,101,-70.644582,20148,2.15123266
209,-92.0711,0.6156,2.085136,86,-70.916987,20234,2.15610306
210,-173.509,0.6134,2.155889,114,-71.971049,20348,2.15732676
211,-30.4652,0.6111,2.114722,121,-71.656418,20469,2.1591791000000002
212,-121.0917,0.6088,2.393428,121,-71.77790399999999,20590,2.173401
213,-37.7461,0.6074,2.039152,72,-71.583356,20662,2.16728456
214,-34.9093,0.6052,2.359627,116,-70.698466,20778,2.1657691
215,-72.5298,0.6032,2.236309,107,-70.516892,20885,2.17087536
216,-93.7676,0.6014,2.086479,95,-70.225999,20980,2.1691640000000003
217,-138.7504,0.5988,2.236185,136,-71.14845199999999,21116,2.17873626
218,-26.6594,0.597,1.979511,93,-70.22968399999999,21209,2.18145064
219,-13.0107,0.5946,2.280247,126,-69.612594,21335,2.18558446
220,1.9913,0.593,2.275732,88,-68.829362,21423,2.18838276
221,-48.3129,0.5914,2.510944,81,-68.813511,21504,2.1914703600000003
222,-56.1121,0.5894,2.250987,108,-68.349261,21612,2.1899908200000002
223,-49.4973,0.5873,2.361973,107,-67.474632,21719,2.1993861999999997
224,-63.9433,0.5851,2.102452,119,-67.306072,21838,2.20087728
225,-4.0181,0.5829,2.522489,114,-66.295118,21952,2.20834482
226,-33.1242,0.5809,2.242726,105,-65.96997,22057,2.21534712
227,-39.9989,0.5788,2.351689,112,-65.785648,22169,2.21914246
228,24.3765,0.5768,2.254138,103,-64.51802699999999,22272,2.21640134
229,-67.1419,0.5755,2.087976,69,-64.683262,22341,2.21173582
230,-74.9037,0.5739,2.417166,85,-64.241792,22426,2.21199986
231,-25.1905,0.5721,2.320688,93,-63.62765099999999,22519,2.2154231
232,-200.0863,0.5698,2.267731,121,-64.973512,22640,2.2235103
233,-88.9776,0.5683,2.295105,81,-65.189677,22721,2.22086352
234,-97.6333,0.5667,2.006739,86,-65.744505,22807,2.2180950200000003
235,-18.1561,0.564,2.313855,140,-65.347828,22947,2.22332468
236,-18.9306,0.5621,2.149966,99,-64.799374,23046,2.2268049000000003
237,16.5554,0.5605,2.53809,88,-63.826378999999996,23134,2.23998388
238,-76.7232,0.5587,2.016626,91,-64.13097,23225,2.23587656
239,-54.4677,0.5567,2.223274,104,-63.55320100000001,23329,2.2358482800000004
240,-25.3245,0.5545,2.683028,119,-62.625702000000004,23448,2.24633622
241,-26.8138,0.5526,2.271683,102,-62.115367,23550,2.2418920399999998
242,71.6062,0.5431,2.528047,500,-60.11785,24050,2.24786732
243,-38.3161,0.5407,2.485381,122,-60.079606000000005,24172,2.25519664
244,-96.6215,0.5389,2.59945,99,-60.542495,24271,2.26111734
245,-38.9321,0.5329,2.534442,315,-59.803607,24586,2.26576872
246,-49.2295,0.5312,2.410739,90,-59.24616700000001,24676,2.2665872
247,-3.1573,0.529,2.411738,116,-59.108571000000005,24792,2.27051468
248,4.2797,0.5239,2.694879,264,-58.609286000000004,25056,2.27682832
249,-92.7773,0.5218,2.514194,110,-59.029461,25166,2.28522938
250,-54.2462,0.5198,2.367988,107,-58.939789,25273,2.2954860999999998
251,9.4407,0.517,2.481852,150,-57.68914000000001,25423,2.29227048
252,2.4538,0.5146,2.697568,122,-57.066876,25545,2.30564012
253,-22.5685,0.5128,2.377491,99,-56.56446700000001,25644,2.3128673799999997
254,-0.2152,0.5101,2.487056,141,-55.757062000000005,25785,2.3192595600000003
255,21.7853,0.5006,2.619321,500,-54.689195,26285,2.33015368
256,-14.9842,0.4986,2.743414,103,-54.34780800000001,26388,2.33837808
257,-15.3041,0.4929,2.753791,302,-53.94780299999999,26690,2.34761224
258,-23.179,0.4898,2.493997,162,-53.738383000000006,26852,2.3526618000000004
259,-29.8235,0.4875,2.860454,124,-52.77803300000001,26976,2.3681681599999997
260,21.5462,0.4843,2.576416,166,-52.169737,27142,2.3765787
261,-38.8469,0.4748,2.924694,500,-52.268443,27642,2.39277814
262,0.4965,0.4724,2.707641,126,-51.250302000000005,27768,2.3990624
263,-202.0458,0.4649,2.790693,397,-53.121995999999996,28165,2.41409322
264,61.0401,0.4554,2.876309,500,-52.253477999999994,28665,2.42442686
265,13.6527,0.4459,3.033769,500,-51.376568999999996,29165,2.44037606
266,54.192,0.4435,3.18183,125,-50.374013,29290,2.46228308
267,38.8742,0.441,2.629277,133,-49.080405,29423,2.47014492
268,-6.0364,0.4389,3.145362,107,-48.23137299999999,29530,2.49346194
269,7.8868,0.4294,3.115482,500,-47.33146300000001,30030,2.51016664
270,-10.7245,0.4279,3.035265,83,-46.755103,30113,2.5253573
271,-100.5599,0.4191,3.083492,462,-47.244942,30575,2.5368082600000004
272,-169.6795,0.4108,2.918689,436,-48.25935100000001,31011,2.5501623
273,41.6517,0.4091,3.154109,90,-47.49313,31101,2.56600502
274,36.7833,0.3996,3.169843,500,-46.621604,31601,2.5873528400000003
275,8.7476,0.3972,2.767238,126,-45.562337,31727,2.59224782
276,99.6966,0.3877,3.088399,500,-43.888084,32227,2.6091612800000004
277,59.131,0.3782,3.009579,500,-42.389601,32727,2.6223190799999996
278,-16.4667,0.3758,3.033249,127,-41.201019,32854,2.6379013
279,36.1085,0.3713,3.199792,238,-40.314655,33092,2.66013762
280,51.9637,0.3618,3.047678,500,-39.612387999999996,33592,2.67274786
281,102.9617,0.3523,3.290906,500,-37.669735,34092,2.6921522199999997
282,38.0462,0.3428,3.314562,500,-37.002599000000004,34592,2.7130888399999997
283,46.6726,0.3333,3.172107,500,-36.038307,35092,2.73062888
284,2.0653,0.3238,3.321719,500,-34.636944,35592,2.7569284800000005
285,17.5506,0.3215,3.307523,116,-33.946697,35708,2.77680184
286,88.6206,0.312,3.236384,500,-31.773321999999997,36208,2.7985302
287,94.4248,0.3025,3.339618,500,-30.263111000000002,36708,2.81456076
288,37.5395,0.293,3.287986,500,-29.470802999999997,37208,2.8399879599999998
289,2.2705,0.2909,3.037239,115,-29.079856,37323,2.8562672599999996
290,51.8834,0.2814,3.468844,500,-28.439377,37823,2.8719835799999998
291,86.5817,0.2719,3.237513,500,-26.816823,38323,2.89130018
292,35.8121,0.2624,3.152811,500,-25.865115,38823,2.90379546
293,123.1316,0.2529,3.31202,500,-23.662722,39323,2.9203282399999995
294,49.3075,0.2434,3.22887,500,-22.514551,39823,2.9329166399999997
295,34.3499,0.2339,3.029952,500,-20.346543,40323,2.9428268400000004
296,113.3976,0.2244,3.19906,500,-18.969116,40823,2.9585932600000002
297,43.7852,0.2149,2.965273,500,-18.210364,41323,2.9696639599999997
298,73.0635,0.2054,3.383075,500,-17.088430000000002,41823,2.98342788
299,101.2981,0.1959,3.327281,500,-16.397579,42323,2.99968962
300,83.0329,0.1864,3.008737,500,-14.450143,42823,3.0125046
301,43.8727,0.1769,3.254341,500,-13.514943,43323,3.0279543799999997
302,63.7353,0.1674,3.232785,500,-12.479187000000001,43823,3.0386587200000004
303,67.0225,0.1579,3.09427,500,-11.871831000000002,44323,3.0529943
304,87.4171,0.1484,3.192246,500,-10.725608,44823,3.0670981
305,46.3338,0.1389,3.229465,500,-10.340563000000001,45323,3.0793009800000006
306,78.7894,0.1294,3.317402,500,-8.337411999999999,45823,3.09078074
307,80.727,0.1199,2.964449,500,-7.17192,46323,3.0949939
308,71.7228,0.1104,2.950944,500,-4.779048,46823,3.1041328399999997
309,101.5425,0.1009,3.143012,500,-2.842912,47323,3.1097839999999994
310,63.1857,0.0914,3.044608,500,-0.4759650000000002,47823,3.11914784
311,110.1801,0.0819,3.24942,500,0.9304879999999998,48323,3.12564236
312,69.3427,0.0724,3.1569,500,2.8348319999999996,48823,3.1346275400000003
313,70.2424,0.0629,2.981809,500,3.914717,49323,3.13844986
314,119.9892,0.0534,2.897476,500,5.463702,49823,3.1388732
315,48.6624,0.05,2.867728,500,6.675624,50323,3.1355523800000005
316,112.3591,0.05,3.042497,500,8.736891,50823,3.13276572
317,308.7276,0.05,3.080833,238,13.211671,51061,3.1417968399999996
318,63.5376,0.05,2.900314,500,14.113641,51561,3.13689588
319,59.5433,0.05,2.778717,500,14.839181000000002,52061,3.13016058
320,60.7475,0.05,2.933388,500,15.426742999999998,52561,3.1281230399999997
321,49.1434,0.05,3.002015,500,16.401305999999998,53061,3.1264935000000005
322,69.988,0.05,3.207711,500,17.662307,53561,3.13227394
323,83.0179,0.05,2.870754,500,18.987459,54061,3.12660684
324,58.7647,0.05,3.010588,500,20.214539,54561,3.12342174
325,93.1187,0.05,2.66876,500,21.185907,55061,3.12145218
326,64.5375,0.05,2.863994,500,22.162523999999998,55561,3.11696408
327,71.1443,0.05,2.731594,500,23.273956,56061,3.11140438
328,102.3882,0.05,2.75943,500,24.054073,56561,3.105928
329,89.6304,0.05,3.190062,500,25.621796,57061,3.1057333999999996
330,61.7659,0.05,2.7868,500,26.988491999999997,57561,3.10051584
331,40.1414,0.05,2.678381,500,27.641810999999997,58061,3.08826534
332,47.4165,0.05,2.690993,500,30.116839,58561,3.0757939600000004
333,106.3279,0.05,2.578042,500,32.069894,59061,3.0639126599999997
334,63.5879,0.05,2.998712,500,33.682106,59561,3.05745252
335,81.3956,0.05,2.825106,500,34.677623,60061,3.04780418
336,40.8825,0.05,2.715007,500,35.275754,60561,3.0373766399999997
337,75.7489,0.05,2.787503,500,35.867689,61061,3.02633434
338,51.6846,0.05,2.788062,500,37.151767,61561,3.0163358600000003
339,67.9424,0.05,2.73492,500,38.375868,62061,3.01028948
340,-7.0749,0.05,2.62674,500,38.558364000000005,62561,2.9934474
341,74.2842,0.05,2.518108,500,39.569343999999994,63061,2.9790592999999994
342,65.2453,0.05,2.347146,500,39.505735,63561,2.962946
343,72.0999,0.05,2.596274,500,40.609895,64061,2.94863108
344,37.6332,0.05,2.61637,500,41.952442,64561,2.9363810800000003
345,20.0804,0.05,2.639304,500,42.542567,65061,2.92856812
346,64.3852,0.05,2.710123,500,43.678714,65561,2.91878938
347,87.3621,0.05,2.345042,500,44.583908,66061,2.9063847600000003
348,41.7815,0.05,2.579053,500,44.958926,66561,2.8903043200000003
349,39.698,0.05,2.58414,500,46.283679,67061,2.8754415
350,77.7447,0.05,2.360071,500,47.603588,67561,2.8624681799999996
351,56.2995,0.05,2.329925,500,48.072176,68061,2.84397986
352,27.2448,0.05,2.511751,500,48.320086,68561,2.82955918
353,2.7748,0.05,2.628466,500,48.573519000000005,69061,2.8202431000000003
354,78.5102,0.05,2.407124,500,49.360773,69561,2.8045406600000002
355,-272.9938,0.05,2.913911,146,46.412982,69707,2.7982295799999997
356,-253.1082,0.05,1.985472,129,44.031742,69836,2.7715909800000005
357,53.4529,0.05,2.531457,500,44.719312,70336,2.76293114
358,14.4758,0.05,2.426696,500,45.095859999999995,70836,2.75244618
359,74.2812,0.05,2.282424,500,46.136907,71336,2.73523442
360,-178.9636,0.05,2.366547,214,44.131809000000004,71550,2.7216732
361,39.2699,0.05,2.319183,500,44.912977,72050,2.70306846
362,-17.9665,0.05,2.158816,500,44.72834699999999,72550,2.68310678
363,-206.8474,0.05,2.524319,207,44.680330999999995,72757,2.67395698
364,114.4896,0.05,2.264942,500,45.214826,73257,2.6613063
365,-278.6619,0.05,2.204524,400,42.29168,73657,2.64804222
366,32.901,0.05,2.07736,500,42.07876999999999,74157,2.6287394799999997
367,-165.5103,0.05,2.232677,198,40.034924999999994,74355,2.61177636
368,-14.0038,0.05,2.316913,500,39.955251,74855,2.60010834
369,-59.2796,0.05,2.247854,500,39.283587,75355,2.58949108
370,-23.1212,0.05,2.189877,500,39.15962,75855,2.57462086
371,86.229,0.05,2.114344,500,41.027509,76355,2.5568674399999995
372,-117.277,0.05,2.029115,500,41.551534000000004,76855,2.5332955200000002
373,13.3996,0.05,1.923697,500,41.269012999999994,77355,2.51435438
374,32.2689,0.05,2.102985,500,41.22386900000001,77855,2.49620232
375,-128.4815,0.05,2.03605,360,39.851578,78215,2.48354812
376,-61.9194,0.05,2.026383,500,38.235418,78715,2.4667959
377,-191.6072,0.05,2.071469,425,35.728035999999996,79140,2.4535934
378,77.29,0.05,1.827627,500,36.665603,79640,2.43495734
379,-133.1086,0.05,1.715467,253,34.973431999999995,79893,2.40546544
380,150.3034,0.05,1.815823,500,35.956829,80393,2.3860459
381,-127.6553,0.05,1.960016,255,33.650659,80648,2.3716786
382,-68.8705,0.05,1.994862,500,32.581492,81148,2.35775598
383,-71.4656,0.05,2.013909,500,31.400110000000005,81648,2.34647332
384,-149.1272,0.05,1.748105,374,29.888185,82022,2.32146118
385,21.0857,0.05,1.888874,500,29.923536,82522,2.30273654
386,-191.4787,0.05,1.789389,424,27.122542999999997,82946,2.2842241800000003
387,-86.574,0.05,1.90432,226,25.312555000000003,83172,2.26656052
388,77.9938,0.05,1.745701,500,25.717098,83672,2.2457133
389,32.8912,0.05,1.766698,500,26.023305,84172,2.2263488600000003
390,64.0989,0.05,1.925332,500,26.14546,84672,2.2123207000000003
391,70.9317,0.05,1.845727,500,25.988960000000002,85172,2.19887308
392,74.4751,0.05,1.808007,500,26.375590000000003,85672,2.1880903000000003
393,73.365,0.05,1.698754,500,25.877923999999997,86172,2.1701399
394,90.1069,0.05,1.951964,500,26.285918000000002,86672,2.15685178
395,44.7379,0.05,1.70854,500,26.389797999999995,87172,2.1382365
396,81.9119,0.05,1.885783,500,26.074941,87672,2.1217497
397,81.9334,0.05,1.859405,500,26.456423,88172,2.11203696
398,54.8788,0.05,1.899082,500,26.274576000000003,88672,2.09843754
399,42.4591,0.05,1.517925,158,25.686186000000003,88830,2.07711324
400,72.8745,0.05,1.822716,500,25.584602,89330,2.06636614
401,49.6688,0.05,1.808647,500,25.642563,89830,2.05594058
402,50.7186,0.05,1.886743,500,25.512396,90330,2.04344042
403,59.261,0.05,1.86277,500,25.434781,90830,2.0281265
404,267.4643,0.05,1.757148,388,27.235253000000004,91218,2.01512698
405,26.5642,0.05,1.734459,88,27.037557000000003,91306,1.99153794
406,53.2041,0.05,1.753085,500,26.781704,91806,1.9868902
407,304.2626,0.05,2.028643,213,29.01706,92019,1.97683392
408,65.9708,0.05,1.689367,500,28.95954,92519,1.9620873400000003
409,267.7857,0.05,1.784118,330,30.621972,92849,1.95212122
410,50.7118,0.05,1.710195,500,30.497233,93349,1.93899418
411,16.022,0.05,1.794445,133,29.555652,93482,1.92849942
412,55.5753,0.05,1.854535,500,29.417977999999998,93982,1.9224138000000002
413,54.9419,0.05,1.830838,133,29.264973,94115,1.90854418
414,41.3635,0.05,1.812362,231,28.478716,94346,1.8994925799999998
415,92.0913,0.05,1.795469,500,28.913005000000002,94846,1.89131148
416,274.1096,0.05,1.643307,277,30.53051,95123,1.8826304200000001
417,61.3543,0.05,1.681004,500,28.056776999999997,95623,1.87159696
418,82.2754,0.05,1.714432,500,28.244155,96123,1.85954734
419,-164.2055,0.05,1.907554,283,26.006667000000004,96406,1.8527413400000001
420,44.7748,0.05,1.715271,500,25.84694,96906,1.84324922
421,19.8627,0.05,1.612716,185,25.554133,97091,1.8332166600000002
422,48.0474,0.05,1.581018,500,25.334726999999997,97591,1.82425472
423,59.3823,0.05,1.609469,500,25.098371,98091,1.8179701599999998
424,71.1213,0.05,1.500633,500,25.221936999999997,98591,1.8059231199999999
425,16.0998,0.05,1.381725,178,24.451748,98769,1.79283662
426,73.0884,0.05,1.524684,500,24.537257,99269,1.7828026399999999
427,16.073,0.05,1.751248,166,23.986544,99435,1.7763982200000001
428,94.4559,0.05,1.518021,500,23.907221,99935,1.7702060999999998
429,42.3491,0.05,1.503099,500,23.434408000000005,100435,1.76595874
430,12.7303,0.05,1.472101,172,22.944052000000003,100607,1.7590842999999998
431,79.5499,0.05,1.484342,500,23.338137000000003,101107,1.7495708200000002
432,24.2326,0.05,1.639753,123,23.106298000000002,101230,1.7424686400000002
433,47.3105,0.05,1.451903,300,22.516124000000005,101530,1.7312285200000002
434,30.9802,0.05,1.635939,113,22.190047000000003,101643,1.7289851999999999
435,42.0819,0.05,1.490117,130,21.796909999999997,101773,1.7210100599999998
436,-3.3082,0.05,1.362514,168,21.355003,101941,1.71247256
437,257.3602,0.05,1.500558,177,23.171116,102118,1.70439732
438,47.7288,0.05,1.386143,95,23.131558,102213,1.6972061600000001
439,3.1522,0.05,1.327527,167,22.483656,102380,1.6884227399999998
440,50.7405,0.05,1.582626,137,23.06181,102517,1.68156862
441,84.4056,0.05,1.403274,500,23.163024000000004,103017,1.67271956
442,8.3415,0.05,1.272485,126,22.593986000000005,103143,1.6620091199999998
443,-15.4709,0.05,1.310324,150,21.718278,103293,1.65424052
444,-16.0081,0.05,1.160183,149,21.181865,103442,1.6384048999999998
445,33.3446,0.05,1.500974,127,21.314507,103569,1.63425358
446,57.8676,0.05,1.151125,110,21.249330999999998,103679,1.61956042
447,139.6002,0.05,1.388002,500,21.771712,104179,1.6101323600000002
448,248.8537,0.05,1.279918,189,23.842433999999997,104368,1.59774908
449,274.6521,0.05,1.240762,279,26.191975000000003,104647,1.59220582
450,245.9246,0.05,1.242369,244,27.873773999999997,104891,1.58059888
451,98.8774,0.05,1.289375,500,28.299553,105391,1.57021344
452,4.864,0.05,1.248776,159,28.075744999999998,105550,1.5574541
453,37.2593,0.05,1.29229,167,28.42059,105717,1.5460445
454,145.4842,0.05,1.188699,500,29.090329999999998,106217,1.5346755200000002
455,282.532,0.05,1.200972,207,34.645588000000004,106424,1.52400578
456,37.5997,0.05,1.127872,153,37.552667,106577,1.51150152
457,102.1486,0.05,1.226335,500,38.039624,107077,1.49545536
458,80.9914,0.05,1.271971,500,38.70478,107577,1.4871074399999997
459,276.1559,0.05,1.324327,335,40.723527,107912,1.4779116200000002
460,291.9349,0.05,1.227959,249,45.432511999999996,108161,1.4682669000000002
461,188.2501,0.05,1.19622,500,46.92231400000001,108661,1.4563024000000002
462,282.3664,0.05,1.276137,159,49.925643,108820,1.44473444
463,-0.0721,0.05,1.215891,180,51.993396000000004,109000,1.4324355
464,22.2623,0.05,1.111714,137,51.071123,109137,1.41842254
465,33.5676,0.05,1.100437,147,54.193418,109284,1.4045219
466,4.9367,0.05,1.125669,121,53.913774999999994,109405,1.3941691399999998
467,247.8792,0.05,1.110458,310,58.04767,109715,1.3827582200000001
468,259.5873,0.05,1.177156,228,60.783581000000005,109943,1.3720127
469,82.6152,0.05,1.11815,500,62.202529000000006,110443,1.35622462
470,92.9233,0.05,1.138026,500,63.362973999999994,110943,1.34467972
471,100.8146,0.05,1.111899,500,63.50883000000001,111443,1.3346633799999998
472,75.3306,0.05,1.096393,500,65.434906,111943,1.32497088
473,92.9214,0.05,1.03624,500,66.23012399999999,112443,1.3135063000000002
474,103.4579,0.05,0.984185,500,66.942014,112943,1.30317734
475,103.6396,0.05,0.972861,500,69.263225,113443,1.2950000600000002
476,287.1962,0.05,1.055408,307,72.75438100000001,113750,1.28561454
477,270.7086,0.05,1.028932,245,77.377539,113995,1.27116822
478,285.4348,0.05,0.964145,287,79.458987,114282,1.2600907
479,198.4341,0.05,1.09599,336,82.774414,114618,1.25194852
480,18.0544,0.05,0.967941,140,81.451924,114758,1.24186532
481,47.6493,0.05,0.961443,500,83.20496999999999,115258,1.2314073399999999
482,164.6111,0.05,0.99093,500,85.539786,115758,1.21843088
483,65.4783,0.05,0.977622,500,86.909225,116258,1.20894526
484,243.6749,0.05,1.004654,338,90.837246,116596,1.19631956
485,104.7079,0.05,1.015229,500,91.673468,117096,1.1868218
486,96.148,0.05,0.968043,500,94.549735,117596,1.17893238
487,70.1109,0.05,0.963883,500,96.116584,118096,1.1681988799999998
488,-17.9447,0.05,0.938498,95,95.157199,118191,1.1592459800000001
489,97.8498,0.05,0.940924,500,95.806785,118691,1.15151392
490,17.8404,0.05,0.802323,132,95.3442,118823,1.13590786
491,85.5344,0.05,1.024844,500,95.49022699999999,119323,1.12833926
492,7.9832,0.05,0.910455,95,94.825308,119418,1.1210986600000001
493,132.367,0.05,0.937435,500,95.415328,119918,1.11364088
494,248.1285,0.05,0.860026,462,96.995544,120380,1.10763774
495,222.9711,0.05,0.898563,388,98.77787599999999,120768,1.0955895199999999
496,270.8683,0.05,0.868011,401,100.66744,121169,1.08992724
497,21.668,0.05,0.717507,113,100.064786,121282,1.0765173399999999
498,-133.3554,0.05,0.896309,112,98.18244399999999,121394,1.06884516
499,254.0793,0.05,0.834962,338,100.298646,121732,1.06072916
500,107.5334,0.05,0.849225,500,100.645235,122232,1.0528662800000002
501,147.6307,0.05,0.867302,500,101.62485400000001,122732,1.04442482
502,-182.3156,0.05,0.765151,92,99.294512,122824,1.03475232
503,-270.9773,0.05,0.842852,89,95.992129,122913,1.0257635600000001
504,242.9751,0.05,0.888348,467,95.747237,123380,1.0197565400000002
505,129.6552,0.05,0.849037,500,96.77814699999999,123880,1.0127178399999999
506,285.3349,0.05,0.801367,323,99.09945499999999,124203,1.00618774
507,241.4547,0.05,0.852632,277,98.471376,124480,0.99871368
508,265.0852,0.05,0.827351,233,100.46252,124713,0.98982128
509,-40.9647,0.05,0.839584,98,97.375016,124811,0.9801264199999999
510,129.4019,0.05,0.83826,500,98.16191699999999,125311,0.9723324400000002
511,295.3319,0.05,0.856315,265,100.955016,125576,0.9655343399999999
512,294.4616,0.05,0.840183,446,103.34387900000002,126022,0.9568152600000001
513,242.6732,0.05,0.827043,342,105.22119200000002,126364,0.9490383
514,-88.3474,0.05,0.828203,100,103.924083,126464,0.94336808
515,-236.15,0.05,0.744432,98,100.64166999999999,126562,0.9362479800000001
516,-38.6511,0.05,0.812159,129,97.51406300000001,126691,0.92997778
517,-7.7377,0.05,0.851778,102,96.823143,126793,0.92480418
518,48.4363,0.05,0.830701,190,96.48475200000001,126983,0.9178750799999998
519,44.287,0.05,0.778821,500,98.56967700000001,127483,0.9110885000000001
520,38.7285,0.05,0.842091,155,98.50921399999999,127638,0.9051698
521,19.8456,0.05,0.886685,181,98.509043,127819,0.90066552
522,-184.8031,0.05,0.794368,204,96.180538,128023,0.89462502
523,238.315,0.05,0.891184,245,97.96986500000001,128268,0.8917239000000001
524,-18.5909,0.05,0.80134,106,97.072743,128374,0.8880669999999999
525,260.8387,0.05,0.858,339,99.52013199999999,128713,0.8857697800000001
526,149.9338,0.05,0.827747,500,100.288586,129213,0.88121656
527,-31.7293,0.05,0.895136,105,99.81056299999999,129318,0.87854064
528,-45.8175,0.05,0.744738,113,98.407829,129431,0.8741525
529,22.2081,0.05,0.79058,339,98.20641900000001,129770,0.8680443000000001
530,4.8508,0.05,0.843359,264,98.127624,130034,0.8655526600000001
531,-77.1292,0.05,0.75356,123,96.560833,130157,0.8613950000000001
532,270.7556,0.05,0.854175,483,99.026063,130640,0.8586598999999999
533,154.8401,0.05,0.834244,500,100.10135900000002,131140,0.85579234
534,194.0658,0.05,0.801411,427,101.73221500000001,131567,0.85172748
535,4.907,0.05,0.830237,107,101.360466,131674,0.84802764
536,156.7288,0.05,0.791268,500,102.960836,132174,0.84449214
537,21.0438,0.05,0.881363,128,100.597672,132302,0.8428417399999999
538,43.2865,0.05,0.850706,95,100.553249,132397,0.8410859
539,-16.7685,0.05,0.80662,214,100.354042,132611,0.8383998199999999
540,38.9064,0.05,0.793995,250,100.235701,132861,0.83823326
541,44.5732,0.05,0.754908,500,99.83737700000002,133361,0.83283454
542,-2.6929,0.05,0.861297,130,99.727033,133491,0.8318513799999999
543,-415.4785,0.05,0.795743,500,95.726957,133991,0.8290175400000002
544,-21.645,0.05,0.849841,137,95.670588,134128,0.82881384
545,175.9484,0.05,0.786105,500,97.096626,134628,0.82656468
546,-12.0704,0.05,0.869877,176,96.397246,134804,0.8266020000000001
547,4.0988,0.05,0.942758,102,95.042232,134906,0.83110702
548,254.8564,0.05,0.76605,260,95.10225899999999,135166,0.8285018399999999
549,25.2777,0.05,0.821447,105,92.60851500000001,135271,0.82823154
550,13.4775,0.05,0.739794,107,90.284044,135378,0.82604292
551,18.9627,0.05,0.80102,115,89.484897,135493,0.8247172800000001
552,-54.0939,0.05,0.862522,195,88.895318,135688,0.8266647
553,17.3793,0.05,0.664445,106,88.696518,135794,0.8230965600000001
554,-229.6269,0.05,0.870469,264,84.94540699999999,136058,0.82273898
555,-146.5082,0.05,0.793112,259,80.65500499999999,136317,0.8216204800000001
556,5.9725,0.05,0.875453,107,80.338733,136424,0.8231022
557,-122.8305,0.05,0.71779,134,78.088942,136558,0.8204053599999999
558,-102.731,0.05,0.712555,159,76.251718,136717,0.81810944
559,216.3579,0.05,0.762216,235,75.653738,136952,0.8165620800000001
560,-243.6204,0.05,0.919217,283,70.298185,137235,0.8181812199999999
561,-104.6521,0.05,0.781099,148,67.369163,137383,0.8166769
562,2.0302,0.05,0.907773,85,64.56580100000001,137468,0.8180286999999999
563,-266.4748,0.05,0.8824,190,61.901774,137658,0.81913584
564,-247.0714,0.05,0.806916,214,59.208437,137872,0.8187101
565,41.2343,0.05,0.882812,75,59.28510399999999,137947,0.8214777
566,-99.2748,0.05,0.845455,139,58.24298900000001,138086,0.8221436200000001
567,-351.5428,0.05,0.734668,136,52.248769,138222,0.81980142
568,44.7638,0.05,0.829053,94,50.100533999999996,138316,0.8197684600000001
569,15.6497,0.05,0.769522,73,49.430879,138389,0.81958248
570,237.6503,0.05,0.819796,186,50.878149,138575,0.81913658
571,-15.6142,0.05,0.845486,176,49.713860999999994,138751,0.8183126000000001
572,-133.5943,0.05,0.692546,151,47.624612000000006,138902,0.81627616
573,274.5835,0.05,0.737935,262,49.441233000000004,139164,0.81321118
574,30.7988,0.05,0.671747,86,48.714642,139250,0.81061932
575,-15.9485,0.05,0.972952,98,47.518761000000005,139348,0.8129183599999998
576,47.1922,0.05,0.811925,87,45.118720999999994,139435,0.8126019200000001
577,-3.5949,0.05,0.886527,82,42.375685999999995,139517,0.81242974
578,28.6296,0.05,0.842801,104,39.807634,139621,0.8143910000000001
579,-96.7594,0.05,0.797,169,36.855699,139790,0.8145193999999999
580,-1.7575,0.05,0.861742,82,36.65758,139872,0.8148870599999999
581,14.1604,0.05,0.896662,500,36.322691,140372,0.8177490999999999
582,-88.8111,0.05,0.82046,168,33.788469,140540,0.8170748
583,21.4832,0.05,0.841273,500,33.348518000000006,141040,0.81721538
584,-77.6329,0.05,0.754093,302,30.135440000000003,141342,0.81626902
585,1.6285,0.05,0.877368,132,29.104646,141474,0.81721164
586,-143.9505,0.05,0.834603,500,26.703661,141974,0.81807834
587,246.7301,0.05,0.820302,372,28.469852999999997,142346,0.81685712
588,-220.0671,0.05,0.840925,224,26.448629,142570,0.8166615
589,270.4696,0.05,0.804845,420,28.174827,142990,0.8166260000000001
590,152.2625,0.05,0.760038,500,29.519048,143490,0.8159468599999999
591,-224.7195,0.05,0.806569,337,26.416509,143827,0.81698008
592,160.2874,0.05,0.760049,500,27.939550999999998,144327,0.81495512
593,-40.8813,0.05,0.828032,500,26.207068,144827,0.8156009000000001
594,-23.7155,0.05,0.8343,74,23.488628,144901,0.81529008
595,-26.8429,0.05,0.699707,82,20.990488,144983,0.8135621199999999
596,-149.4195,0.05,0.749246,208,16.78761,145191,0.8111495
597,-36.2711,0.05,0.794781,89,16.208219,145280,0.80818996
598,-206.1142,0.05,0.795118,203,15.480630999999999,145483,0.8087713200000001
599,-106.6487,0.05,0.76358,180,11.873351,145663,0.80761398
600,-66.5356,0.05,0.820058,246,10.132660999999999,145909,0.80921926
601,-60.8738,0.05,0.729502,77,8.047615999999998,145986,0.8077888999999999
602,-22.1431,0.05,0.847111,70,9.649340999999998,146056,0.8074806799999998
603,-23.7128,0.05,0.78199,89,12.121986,146145,0.8098315799999999
604,-21.697,0.05,0.809699,72,9.475265,146217,0.8086161799999999
605,-31.8368,0.05,0.879647,101,7.860344999999999,146318,0.8103468799999999
606,-361.6853,0.05,0.856263,381,1.3901429999999992,146699,0.80996308
607,-193.1072,0.05,0.822814,255,-2.955476000000001,146954,0.81206356
608,-72.5189,0.05,0.844835,97,-6.331517000000002,147051,0.81470916
609,-132.7374,0.05,0.982867,387,-7.249244000000001,147438,0.8191221799999999
610,285.658,0.05,0.895127,217,-5.686683000000001,147655,0.8186403800000001
611,-85.2229,0.05,0.884301,178,-9.492231000000002,147833,0.82070442
612,-98.1798,0.05,0.861559,169,-13.418645000000001,148002,0.81978014
613,264.0253,0.05,0.914063,194,-13.205124000000001,148196,0.8204134000000001
614,257.3903,0.05,0.859273,456,-9.747747,148652,0.82146054
615,-57.0495,0.05,0.971431,98,-7.956742,148750,0.8232329199999999
616,-95.9234,0.05,0.855807,129,-8.529465,148879,0.8234399600000001
617,236.0736,0.05,0.833902,415,-6.0913520000000005,149294,0.8254246399999999
618,109.3081,0.05,0.875707,500,-5.482634000000001,149794,0.8263577199999999
619,291.6501,0.05,0.876818,444,-3.0090030000000003,150238,0.82850364
620,-28.0646,0.05,1.042388,92,-3.6769340000000006,150330,0.83295548
621,283.2501,0.05,0.942086,387,-1.0428890000000006,150717,0.83488748
622,195.0868,0.05,0.895421,500,2.7560099999999994,151217,0.83894498
623,170.1958,0.05,0.879157,500,2.074817999999999,151717,0.84176942
624,186.5822,0.05,0.898558,500,4.126549,152217,0.8463056400000001
625,39.2212,0.05,0.846991,138,1.9103739999999994,152355,0.84378642
626,181.8773,0.05,0.887475,500,2.2298089999999995,152855,0.84529742
627,277.0371,0.05,0.959203,418,5.317473,153273,0.8467509400000001
628,55.531,0.05,0.875978,128,6.330957999999999,153401,0.8474144799999999
629,16.9322,0.05,0.95616,167,6.278199,153568,0.85059768
630,-81.1464,0.05,0.971148,305,5.418226999999999,153873,0.8527858
631,247.6379,0.05,0.952144,280,8.665898,154153,0.8538954400000001
632,36.3541,0.05,0.804342,168,6.321882999999999,154321,0.8535730799999999
633,114.7093,0.05,0.900203,500,5.920574999999999,154821,0.85475168
634,48.7454,0.05,0.974376,122,4.467371,154943,0.85915734
635,-80.9602,0.05,0.919101,88,3.608698999999999,155031,0.859992
636,-51.6011,0.05,0.922967,80,1.5253999999999994,155111,0.86175928
637,11.7486,0.05,0.940172,119,1.4324479999999995,155230,0.8641566800000001
638,45.3694,0.05,0.945287,142,1.4532769999999993,155372,0.8662439200000001
639,233.3793,0.05,0.961119,229,3.954754999999999,155601,0.8693694
640,-50.734,0.05,0.982013,79,3.0583509999999996,155680,0.8738089000000001
641,-91.948,0.05,1.008007,383,1.6931389999999993,156063,0.87783766
642,-70.3684,0.05,1.068575,72,1.0163839999999995,156135,0.8840081799999999
643,59.5991,0.05,1.187124,124,5.7671600000000005,156259,0.8911900200000001
644,304.7384,0.05,1.050259,430,9.030994,156689,0.8955091999999999
645,27.3126,0.05,1.113957,124,7.544636000000001,156813,0.9037942
646,253.9895,0.05,0.942831,289,10.205235,157102,0.9076659
647,260.1306,0.05,0.958603,182,12.765553,157284,0.91094234
648,60.3008,0.05,0.99704,100,10.819997,157384,0.9149807799999999
649,141.5483,0.05,1.085627,500,11.982702999999999,157884,0.92142172
650,19.543,0.05,1.088085,111,12.043357999999998,157995,0.92678226
651,4.5848,0.05,0.915046,113,11.899579,158108,0.93049314
652,-16.3089,0.05,0.912506,138,12.277429,158246,0.9318010400000002
653,43.6549,0.05,1.032149,500,12.540185,158746,0.9368042200000001
654,26.4416,0.05,0.791452,92,15.10087,158838,0.93643928
655,36.8174,0.05,1.067448,100,16.934126000000003,158938,0.9401953000000001
656,44.0897,0.05,0.914141,133,17.315298,159071,0.94135286
657,16.6932,0.05,0.993169,137,18.710535,159208,0.9447599600000001
658,-79.4,0.05,1.027864,451,18.943845,159659,0.9484205400000001
659,19.152,0.05,1.119967,150,16.971786,159809,0.95116254
660,17.6192,0.05,1.174479,104,19.584182,159913,0.95674958
661,-4.6943,0.05,1.12038,185,20.583759999999998,160098,0.96147116
662,227.5426,0.05,0.97888,482,22.838884000000004,160580,0.96381758
663,-125.1394,0.05,1.129653,172,24.252238000000002,160752,0.96812938
664,-108.9688,0.05,1.062988,168,25.633264,160920,0.9722036799999999
665,-119.9769,0.05,0.987821,430,24.021151999999997,161350,0.9725314800000001
666,179.3158,0.05,1.147945,271,26.807058,161621,0.97837424
667,15.0094,0.05,1.049737,187,30.472579999999997,161808,0.9826909400000001
668,33.5401,0.05,0.990582,141,30.360342999999997,161949,0.9849884400000001
669,39.6605,0.05,1.09521,109,30.600451000000003,162058,0.9893562800000001
670,28.4524,0.05,0.99665,131,28.508471999999998,162189,0.9884415200000001
671,-136.505,0.05,0.939624,164,27.299564,162353,0.9883922799999999
672,-122.6738,0.05,1.02793,151,27.408769000000003,162504,0.9910424600000001
673,102.3021,0.05,1.110999,500,25.685955,163004,0.9956793
674,-87.6866,0.05,1.13821,150,24.501101,163154,1.00047234
675,107.4861,0.05,1.101678,500,25.735447,163654,1.0055660800000001
676,-176.586,0.05,1.078843,416,23.497664999999998,164070,1.00939344
677,-128.4816,0.05,1.157603,198,22.248797999999997,164268,1.01336144
678,239.8859,0.05,1.040427,260,24.361361000000002,164528,1.01665042
679,49.6542,0.05,1.023674,134,25.825497,164662,1.0180007
680,-102.9241,0.05,1.169407,266,24.813830999999997,164928,1.02196588
681,265.9686,0.05,1.230317,290,27.331913,165218,1.02752934
682,-1.5292,0.05,1.120282,174,28.204732,165392,1.0338481400000001
683,-72.0708,0.05,1.208648,253,27.269191999999997,165645,1.04001704
684,-123.3148,0.05,1.047066,315,26.812372999999997,165960,1.04147084
685,-156.7532,0.05,1.202855,344,25.228555999999998,166304,1.04714592
686,295.0039,0.05,1.191617,348,29.6181,166652,1.05251892
687,-19.9841,0.05,1.145647,124,26.950958,166776,1.05662842
688,-20.6943,0.05,1.074952,500,28.944685999999997,167276,1.0592217199999998
689,-130.9639,0.05,1.1143,386,24.930351,167662,1.0622853399999999
690,-158.7256,0.05,1.16304,471,21.82047,168133,1.0659058799999999
691,246.089,0.05,1.049017,443,26.528554999999997,168576,1.06672608
692,-75.5775,0.05,1.073793,500,24.169906,169076,1.0668304400000002
693,-181.6898,0.05,1.139832,362,22.761821,169438,1.0658846
694,275.0873,0.05,1.063183,231,25.749848999999998,169669,1.06614308
695,-29.7184,0.05,1.251831,500,25.721094000000004,170169,1.06890056
696,80.7981,0.05,1.101976,500,28.023270000000004,170669,1.07208346
697,24.8839,0.05,1.107206,500,28.63482,171169,1.07505552
698,306.351,0.05,1.065131,272,33.759472,171441,1.07641734
699,16.211,0.05,1.067146,500,34.988069,171941,1.07604772
700,51.292,0.05,1.173244,500,36.166345,172441,1.0777509
701,-3.5036,0.05,1.118169,500,36.740047,172941,1.08181336
702,-19.782,0.05,1.103346,500,36.763658,173441,1.08563016
703,275.6404,0.05,1.104177,317,39.75719,173758,1.08707072
704,35.2833,0.05,0.994544,500,40.326992999999995,174258,1.0911325600000001
705,157.9893,0.05,1.075215,500,42.22525399999999,174758,1.0912879000000002
706,10.3201,0.05,1.117575,500,45.945308,175258,1.09535658
707,-13.6983,0.05,1.065403,500,47.739397,175758,1.0968012600000001
708,31.7464,0.05,1.043253,500,48.78205,176258,1.09710904
709,28.9347,0.05,1.006383,500,50.398771,176758,1.09483736
710,24.9578,0.05,1.017042,500,47.791769,177258,1.09168862
711,291.1208,0.05,1.185683,248,51.555206,177506,1.09299468
712,37.2112,0.05,1.067584,500,52.909116,178006,1.09476876
713,69.0394,0.05,1.141744,500,50.95925700000001,178506,1.09501058
714,97.6222,0.05,1.020056,500,49.36157600000001,179006,1.09415194
715,77.5046,0.05,1.039194,500,50.70711700000001,179506,1.0951794
716,42.8352,0.05,1.035474,500,52.094703,180006,1.09292998
717,75.9784,0.05,1.006563,500,50.493751,180506,1.0920665
718,86.6168,0.05,1.061191,500,50.266838,181006,1.09347868
719,25.1082,0.05,1.079022,500,47.60141900000001,181506,1.0931549200000001
720,81.154,0.05,1.096922,500,48.693605,182006,1.09516036
721,73.4825,0.05,1.132083,500,46.595929,182506,1.09900954
722,56.1886,0.05,1.095153,500,45.206947,183006,1.100354
723,63.2755,0.05,0.974384,500,44.137744000000005,183506,1.0976217
724,60.8633,0.05,0.88739,500,42.880554999999994,184006,1.0926052999999998
725,47.6535,0.05,1.010664,500,42.964878,184506,1.09078502
726,52.7999,0.05,0.914812,500,41.67410400000001,185006,1.0875044
727,99.8738,0.05,0.991805,500,39.902471,185506,1.0841884400000001
728,71.819,0.05,0.982262,500,40.065351,186006,1.08302514
729,111.2551,0.05,1.170107,500,41.008579999999995,186506,1.0859538
730,41.6276,0.05,0.990202,500,42.236320000000006,187006,1.0823697
731,93.5347,0.05,1.099592,500,40.695288,187506,1.0797552000000001
732,49.1664,0.05,1.073358,500,40.823411,188006,1.0788167199999998
733,71.8411,0.05,0.974071,500,40.394729000000005,188506,1.07412518
734,63.465,0.05,1.01421,500,40.541925,189006,1.07346806
735,85.551,0.05,1.073975,500,42.207037,189506,1.0708904600000002
736,84.676,0.05,1.114787,500,43.569807999999995,190006,1.06935386
737,48.2541,0.05,1.039153,500,43.93486299999999,190506,1.06722398
738,94.6489,0.05,1.030494,500,44.427658,191006,1.06633482
739,70.4707,0.05,1.021956,500,42.79857199999999,191506,1.06448794
740,62.3496,0.05,1.047406,500,43.929408,192006,1.06217526
741,149.0185,0.05,0.935526,500,46.339073,192506,1.05990544
742,66.1998,0.05,1.008988,500,47.704755,193006,1.05860934
743,287.139,0.05,0.923646,214,49.980154,193220,1.05428562
744,281.4773,0.05,1.13452,333,49.74754300000001,193553,1.05571236
745,264.7397,0.05,0.908998,220,52.12181399999999,193773,1.0488557
746,273.3722,0.05,0.919427,431,52.31564100000001,194204,1.04520472
747,68.851,0.05,1.002196,129,50.402845,194333,1.04310452
748,190.6136,0.05,1.047956,500,51.70597299999999,194833,1.0427610200000001
749,83.3124,0.05,1.119415,500,51.123613999999996,195333,1.0438064
750,291.1142,0.05,1.032895,175,53.839326,195508,1.04099942
751,102.8754,0.05,1.064003,500,54.82223200000001,196008,1.0399161000000001
752,65.1501,0.05,1.125158,500,55.636822,196508,1.04035234
753,129.9011,0.05,1.000109,500,56.499283999999996,197008,1.03827098
754,256.6384,0.05,1.035986,351,58.801252,197359,1.03909982
755,256.3802,0.05,1.047494,237,60.996880000000004,197596,1.0385454
756,262.1719,0.05,1.090783,243,63.177702,197839,1.0380095599999999
757,97.4879,0.05,1.242284,500,63.985648999999995,198339,1.04154718
758,142.6682,0.05,1.137785,500,66.206331,198839,1.04343782
759,28.9987,0.05,1.052292,131,66.304798,198970,1.0443559999999998
760,270.0965,0.05,1.25956,284,68.829571,199254,1.0492063600000001
761,76.0529,0.05,1.054666,500,69.637043,199754,1.0465860200000001
762,41.4716,0.05,1.049697,136,67.77633300000001,199890,1.04622828
763,168.5821,0.05,1.139375,500,70.71354799999999,200390,1.0461809
764,270.977,0.05,1.066921,327,74.51300599999999,200717,1.0471182
765,85.0624,0.05,1.038173,500,76.563399,201217,1.04709778
766,28.4456,0.05,1.236662,200,75.054697,201417,1.05112154
767,56.5342,0.05,0.956696,157,75.46994500000001,201574,1.0501242
768,72.9918,0.05,1.221199,500,75.864462,202074,1.05332436
769,157.1568,0.05,1.106511,500,77.039425,202574,1.05387414
770,-31.7812,0.05,1.0652,500,76.437089,203074,1.0532397
771,90.2795,0.05,1.036429,194,78.70493400000001,203268,1.0513266200000002
772,42.3842,0.05,1.003004,445,80.355514,203713,1.04948364
773,39.6076,0.05,1.007541,500,79.728569,204213,1.05014678
774,227.341,0.05,1.182716,425,82.878845,204638,1.0560533
775,268.9581,0.05,1.125188,470,84.493565,205108,1.05834378
776,268.7899,0.05,0.975596,344,88.947324,205452,1.05955946
777,149.5145,0.05,1.062079,500,91.727285,205952,1.06096494
778,10.2031,0.05,0.887808,199,89.430457,206151,1.05907586
779,310.3527,0.05,1.117598,239,92.037442,206390,1.05802568
780,275.6362,0.05,1.027449,288,95.82304500000001,206678,1.05877062
781,186.5843,0.05,1.147904,500,95.029202,207178,1.0597368600000001
782,251.7403,0.05,1.058064,241,97.56189699999999,207419,1.0594309800000001
783,187.3532,0.05,1.084524,500,100.156137,207919,1.0616400400000001
784,180.0381,0.05,1.015969,500,103.189666,208419,1.0616752200000001
785,282.1103,0.05,1.009983,315,107.578301,208734,1.0603953799999999
786,137.261,0.05,1.09729,500,106.000872,209234,1.06004544
787,60.0717,0.05,1.01416,500,106.80143,209734,1.05954558
788,178.7262,0.05,1.059816,500,108.795635,210234,1.0601320200000002
789,126.0907,0.05,1.077818,500,111.366181,210734,1.06124926
790,101.2885,0.05,0.991118,500,113.966322,211234,1.0601235
791,96.0171,0.05,0.950538,500,112.46560299999999,211734,1.06042374
792,170.617,0.05,0.938569,500,114.927548,212234,1.0590153599999999
793,95.238,0.05,0.974514,500,117.696826,212734,1.0600327200000002
794,259.1784,0.05,1.020204,493,117.53773699999999,213227,1.0577464
795,286.65,0.05,1.017681,207,120.701421,213434,1.05992006
796,248.1097,0.05,1.021858,171,122.374537,213605,1.06196868
797,239.3659,0.05,0.993117,392,124.519357,213997,1.0617870999999999
798,51.1679,0.05,0.927614,182,121.96752599999999,214179,1.0593802600000002
799,109.8922,0.05,1.048244,500,122.90433800000001,214679,1.0579568400000001
800,68.3015,0.05,0.972532,500,123.07443299999998,215179,1.05674958
801,62.3829,0.05,0.985185,500,123.73329799999999,215679,1.0551732200000001
802,275.8344,0.05,0.909236,357,126.689462,216036,1.05085478
803,116.624,0.05,1.010663,500,125.099298,216536,1.05106586
804,77.1028,0.05,0.975411,500,125.517493,217036,1.0498543599999999
805,277.9139,0.05,1.02213,292,126.716739,217328,1.04934708
806,133.7551,0.05,1.038285,500,127.951089,217828,1.04829712
807,83.0605,0.05,1.000905,500,128.918677,218328,1.04346954
808,91.5134,0.05,1.005214,500,129.516347,218828,1.04081812
809,48.693,0.05,1.048728,500,129.71393,219328,1.04074684
810,92.9778,0.05,0.982121,500,130.39413,219828,1.03519806
811,106.0948,0.05,1.060041,500,128.54387,220328,1.0353055599999998
812,227.6972,0.05,1.084716,438,130.44873,220766,1.03600594
813,108.5382,0.05,1.047703,500,130.843718,221266,1.0341725000000002
814,35.3891,0.05,1.025596,500,130.221387,221766,1.033346
815,112.7915,0.05,1.021138,500,130.574256,222266,1.0330053000000001
816,49.0238,0.05,0.89544,500,130.636142,222766,1.02618086
817,74.1868,0.05,1.035437,500,130.618226,223266,1.0277556799999998
818,62.2784,0.05,0.997958,500,130.374842,223766,1.0232908600000001
819,62.867,0.05,0.924847,500,130.75242999999998,224266,1.01965758
820,74.3772,0.05,1.012246,500,130.684662,224766,1.0185985000000002
821,60.0426,0.05,0.925662,500,130.550263,225266,1.01638316
822,87.459,0.05,0.961301,500,130.862967,225766,1.0155491
823,106.5093,0.05,0.975242,500,131.29530499999998,226266,1.01490312
824,73.7383,0.05,0.954642,500,131.424055,226766,1.01034164
825,74.3048,0.05,0.98421,500,131.690568,227266,1.00752208
826,41.4903,0.05,0.962149,143,131.577472,227409,1.0072531400000002
827,81.1071,0.05,0.953501,500,131.38980500000002,227909,1.00508158
828,64.6822,0.05,0.955718,500,131.318437,228409,1.00643978
829,108.5955,0.05,0.909099,500,131.29184099999998,228909,1.0022697999999999
830,89.4078,0.05,0.9473,500,131.769643,229409,1.00066682
831,103.2929,0.05,0.907768,500,131.867225,229909,0.9958641
832,129.7849,0.05,0.937241,500,132.67341,230409,0.99344764
833,66.0546,0.05,0.858905,500,132.615545,230909,0.98893526
834,79.3098,0.05,0.957188,500,132.773993,231409,0.98775964
835,91.8294,0.05,0.865115,500,132.836777,231909,0.9848622800000001
836,120.6122,0.05,0.995972,500,133.19613900000002,232409,0.98283592
837,37.0805,0.05,0.950068,154,133.084403,232563,0.98155408
838,258.9585,0.05,0.827565,331,134.727499,232894,0.97690906
839,67.0193,0.05,0.840731,500,134.69298500000002,233394,0.97216732
840,258.1054,0.05,1.026585,232,136.650543,233626,0.9728766600000001
841,52.7498,0.05,1.027806,171,135.687856,233797,0.97442202
842,84.7127,0.05,0.955398,500,135.872985,234297,0.9747586000000001
843,42.0088,0.05,0.923396,130,133.421683,234427,0.9737362399999999
844,71.2729,0.05,0.833538,500,131.319639,234927,0.97000292
845,44.667,0.05,0.898234,500,129.118912,235427,0.96761398
846,46.353,0.05,0.825295,500,126.84872000000001,235927,0.96368272
847,109.4353,0.05,0.849589,500,127.254563,236427,0.9608121600000001
848,40.2102,0.05,0.863492,500,125.75052899999999,236927,0.9595297199999999
849,103.1503,0.05,0.741118,500,125.94890800000002,237427,0.9533872
850,78.6209,0.05,0.805527,500,123.823975,237927,0.9500471
851,108.0767,0.05,0.716859,500,123.87598799999999,238427,0.94468058
852,61.0741,0.05,0.71395,500,123.83522799999999,238927,0.9407748599999999
853,100.1799,0.05,0.652325,500,123.53801600000001,239427,0.9336081000000002
854,103.5386,0.05,0.677818,500,122.007018,239927,0.92765624
855,41.6728,0.05,0.704005,193,119.859944,240120,0.92129374
856,82.507,0.05,0.709015,500,118.063295,240620,0.9147083400000001
857,43.5387,0.05,0.616138,200,117.52380299999999,240820,0.9070130000000001
858,183.816,0.05,0.700549,500,117.93528099999999,241320,0.9009197
859,96.8232,0.05,0.665747,500,118.61352599999998,241820,0.89326008
860,16.1233,0.05,0.677853,147,116.07379399999999,241967,0.88717472
861,275.0889,0.05,0.637323,376,118.064154,242343,0.87872036
862,74.7073,0.05,0.675711,500,118.39651099999999,242843,0.8705402600000001
863,52.5095,0.05,0.711044,500,117.23578499999999,243343,0.86380708
864,128.8679,0.05,0.671839,500,115.814694,243843,0.85673194
865,88.8859,0.05,0.679484,500,115.852929,244343,0.84989886
866,83.1946,0.05,0.654726,500,116.400419,244843,0.8450845799999999
867,102.8293,0.05,0.626247,500,116.86336999999999,245343,0.83690078
868,278.2312,0.05,0.581448,231,118.915764,245574,0.82857058
869,72.4176,0.05,0.620387,500,118.068372,246074,0.8224813799999999
870,95.845,0.05,0.657946,500,119.344634,246574,0.8153953800000001
871,103.258,0.05,0.627584,500,119.474419,247074,0.80943382
872,102.1579,0.05,0.592106,500,120.07215599999999,247574,0.8020499200000001
873,35.8225,0.05,0.607372,500,120.034305,248074,0.79469252
874,60.9537,0.05,0.5771,500,118.370432,248574,0.78714168
875,76.037,0.05,0.605255,500,116.441221,249074,0.77956258
876,121.7405,0.05,0.543679,500,114.97072700000001,249574,0.7711931799999999
877,-8.1427,0.05,0.545499,426,113.394155,250000,0.76303314
878,13.2829,0.05,0.5706,116,113.424953,250116,0.7553307799999999
879,53.7802,0.05,0.507394,500,110.859228,250616,0.74729668
880,21.2915,0.05,0.537569,417,108.315781,251033,0.73910206
881,27.7116,0.05,0.573046,133,106.727054,251166,0.73240762
882,31.2731,0.05,0.556418,500,104.522382,251666,0.7247911600000001
883,153.2808,0.05,0.568368,500,104.18165800000001,252166,0.7189804200000001
884,198.0794,0.05,0.541675,500,104.36207100000001,252666,0.7106701599999999
885,59.1129,0.05,0.569347,500,102.13209700000002,253166,0.7047547999999999
886,49.527,0.05,0.485338,120,101.25475699999998,253286,0.6945421200000002
887,40.5179,0.05,0.541408,134,101.059219,253420,0.68636892
888,57.0481,0.05,0.599174,500,99.842438,253920,0.6818010999999999
889,83.9356,0.05,0.511987,500,99.42088700000001,254420,0.6752262200000001
890,64.774,0.05,0.580228,500,99.055742,254920,0.66629908
891,136.5202,0.05,0.54279,500,99.460773,255420,0.65659876
892,63.8621,0.05,0.521265,500,98.39322399999999,255920,0.6479160999999999
893,83.7659,0.05,0.478379,500,98.278503,256420,0.63901576
894,57.2565,0.05,0.503872,156,96.259284,256576,0.63242244
895,95.2264,0.05,0.554688,500,94.345048,257076,0.62555152
896,127.9484,0.05,0.526518,500,93.143435,257576,0.61957598
897,45.4389,0.05,0.514781,106,91.20416500000002,257682,0.61287982
898,8.6948,0.05,0.558388,211,90.779434,257893,0.60677774
899,42.9648,0.05,0.489385,341,90.11016,258234,0.60174308
900,199.7154,0.05,0.523048,474,91.424299,258708,0.5960934999999999
901,72.982,0.05,0.504853,125,91.53029000000001,258833,0.59185338
902,171.9085,0.05,0.531435,500,90.491031,259333,0.58820308
903,280.2217,0.05,0.527618,377,92.127008,259710,0.5857089400000001
904,69.1284,0.05,0.520081,164,92.047264,259874,0.5825542
905,157.5764,0.05,0.522857,500,90.843889,260374,0.57893124
906,36.2921,0.05,0.488699,100,89.869259,260474,0.57452492
907,18.8951,0.05,0.484598,94,89.227605,260568,0.57189412
908,37.983,0.05,0.577604,100,88.692301,260668,0.56943522
909,120.2614,0.05,0.54122,500,89.407985,261168,0.56694468
910,78.4962,0.05,0.521445,245,89.263169,261413,0.56381652
911,44.7936,0.05,0.492181,226,88.650157,261639,0.56091368
912,24.4759,0.05,0.475806,130,86.617944,261769,0.55691558
913,37.8,0.05,0.430527,97,85.91056200000001,261866,0.5513052399999999
914,30.3328,0.05,0.473732,102,85.85999899999999,261968,0.5473431
915,232.809,0.05,0.477717,186,87.060174,262154,0.54330776
916,241.6747,0.05,0.536874,224,88.986683,262378,0.54095072
917,25.4332,0.05,0.516216,130,88.499147,262508,0.5387501
918,41.3315,0.05,0.499048,116,88.28967799999998,262624,0.5371021
919,50.7338,0.05,0.400043,130,88.168346,262754,0.53269522
920,289.1211,0.05,0.499892,458,90.31578499999999,263212,0.52953414
921,26.3254,0.05,0.553619,108,89.97861299999998,263320,0.52805484
922,239.5949,0.05,0.475803,397,91.499972,263717,0.52572878
923,265.0482,0.05,0.519364,276,93.085361,263993,0.52396862
924,142.7959,0.05,0.507554,500,93.775937,264493,0.5225777
925,-27.0037,0.05,0.485601,105,92.76285200000001,264598,0.52018462
926,41.4465,0.05,0.451652,191,92.762414,264789,0.51834408
927,249.9306,0.05,0.535984,275,94.450649,265064,0.51815378
928,4.3684,0.05,0.480124,125,93.847511,265189,0.51634426
929,42.2805,0.05,0.542557,104,93.18436100000001,265293,0.51704752
930,207.1094,0.05,0.508595,264,94.36137699999999,265557,0.5164680399999999
931,21.3891,0.05,0.551205,107,93.542339,265664,0.51603122
932,141.4864,0.05,0.491836,500,93.65935400000001,266164,0.5147395800000001
933,231.8512,0.05,0.498118,395,95.31732,266559,0.51333458
934,121.8531,0.05,0.506536,500,95.742753,267059,0.5126318
935,248.6093,0.05,0.515157,344,97.31055199999999,267403,0.5115479999999999
936,223.5235,0.05,0.467446,337,98.33966500000001,267740,0.5111901600000001
937,246.8233,0.05,0.469947,334,100.437093,268074,0.5097609399999999
938,304.9511,0.05,0.480828,266,100.897019,268340,0.50739402
939,266.7741,0.05,0.449235,352,102.894567,268692,0.50613898
940,271.5031,0.05,0.49511,353,103.02854399999998,269045,0.50443662
941,273.7746,0.05,0.474407,416,105.23879199999999,269461,0.5030689599999999
942,280.006,0.05,0.499904,352,107.19172499999999,269813,0.50264174
943,251.8852,0.05,0.451071,403,109.290489,270216,0.50209558
944,280.2451,0.05,0.450597,256,111.380211,270472,0.50103008
945,283.2644,0.05,0.467215,473,113.76618500000001,270945,0.49928061999999995
946,220.6485,0.05,0.486971,318,115.50913999999999,271263,0.49848968
947,37.982,0.05,0.442382,165,114.794607,271428,0.4970417
948,164.8388,0.05,0.495776,500,116.04089300000001,271928,0.49578945999999996
949,279.1507,0.05,0.460329,303,117.80089699999999,272231,0.49520834
950,285.4759,0.05,0.46218,292,119.869447,272523,0.49399098
951,24.9623,0.05,0.500938,102,119.038303,272625,0.49391268000000005
952,198.2663,0.05,0.452415,500,120.41022500000001,273125,0.49233227999999996
953,54.6551,0.05,0.468209,140,119.954977,273265,0.4911441
954,20.5949,0.05,0.473511,137,119.12554,273402,0.4902127
955,77.4956,0.05,0.470008,158,119.48376799999998,273560,0.48915571999999996
956,287.2303,0.05,0.444315,239,121.531001,273799,0.48826803999999996
957,81.6415,0.05,0.447602,157,121.912029,273956,0.48752812
958,60.0793,0.05,0.483618,145,120.67466199999998,274101,0.4856484
959,10.1115,0.05,0.380378,77,119.807545,274178,0.48243156
960,54.5202,0.05,0.425492,139,120.19151399999998,274317,0.4805125
961,-27.8803,0.05,0.496967,108,117.16182200000002,274425,0.48060822000000003
962,42.8444,0.05,0.424258,147,116.84319300000001,274572,0.47957726
963,30.4272,0.05,0.460812,133,116.62237,274705,0.48018296
964,287.1905,0.05,0.51722,209,118.20559599999999,274914,0.48105272
965,27.8954,0.05,0.439107,88,117.595691,275002,0.48028052000000004
966,41.5508,0.05,0.435934,135,117.17925299999999,275137,0.47826172
967,-21.93,0.05,0.486751,104,115.93166,275241,0.47767242000000004
968,274.1163,0.05,0.478441,317,115.890511,275558,0.47726028
969,26.9797,0.05,0.457141,140,115.436132,275698,0.47840224
970,33.1496,0.05,0.447489,146,114.80917799999999,275844,0.47735417999999996
971,-18.0763,0.05,0.522294,96,113.59583500000001,275940,0.47672768000000004
972,33.6451,0.05,0.442592,87,112.910707,276027,0.47606345999999994
973,269.8798,0.05,0.463073,168,115.25128,276195,0.47493764
974,204.0,0.05,0.448995,500,116.68174299999998,276695,0.47376646
975,31.7455,0.05,0.396241,146,116.238828,276841,0.47197926
976,81.3495,0.05,0.475121,500,115.834918,277341,0.47244864
977,252.7319,0.05,0.429636,282,118.44366399999998,277623,0.47032167999999996
978,-20.3606,0.05,0.44126,129,118.10722899999999,277752,0.4695444
979,12.127,0.05,0.541654,80,117.690697,277832,0.46952634000000004
980,305.125,0.05,0.484353,497,120.52903199999999,278329,0.4690415
981,259.8535,0.05,0.46225,198,122.850451,278527,0.4672624
982,234.732,0.05,0.432139,232,124.88504,278759,0.46606845999999996
983,272.5883,0.05,0.513523,219,126.078115,278978,0.46637656
984,156.9408,0.05,0.502695,500,125.66672899999999,279478,0.46629973999999996
985,285.8782,0.05,0.51566,278,127.93438199999999,279756,0.4663098
986,7.0413,0.05,0.472122,103,127.509525,279859,0.46640332
987,305.6334,0.05,0.518429,252,130.16067999999999,280111,0.46737296
988,277.0761,0.05,0.514206,204,132.36096,280315,0.46804051999999996
989,312.192,0.05,0.49557,215,134.64352399999999,280530,0.46896722
990,306.2771,0.05,0.475952,205,137.05855499999998,280735,0.46858406
991,137.6762,0.05,0.484573,500,137.070115,281235,0.46878738000000003
992,-480.0884,0.05,0.508914,154,131.63061000000002,281389,0.46896758
993,28.1166,0.05,0.48672,86,131.074117,281475,0.46968056
994,282.4747,0.05,0.537391,434,133.326299,281909,0.47141644
995,8.8223,0.05,0.498807,107,132.462258,282016,0.47204828
996,236.7093,0.05,0.466519,310,133.549867,282326,0.47163924
997,149.3792,0.05,0.498857,500,134.58927,282826,0.47276874
998,279.3407,0.05,0.516765,224,137.295729,283050,0.47318852000000006
999,225.0781,0.05,0.572331,238,139.116862,283288,0.47542856
1000,240.5681,0.05,0.49034,198,139.525389,283486,0.47599176
