episode,reward,epsilon,loss,steps
1,-133.9545,0.9979,,111
2,-347.289,0.9959,,104
3,-120.9546,0.9944,,79
4,-98.0501,0.9932,,62
5,-86.4207,0.9914,,95
6,-126.8723,0.9899,,80
7,-134.4285,0.9877,,115
8,-105.5714,0.9858,,102
9,-389.9465,0.9831,,141
10,-87.5262,0.9819,,61
11,-120.5191,0.9798,2.187415,115
12,-94.4539,0.9771,1.938086,139
13,-397.2939,0.9746,1.923475,134
14,-89.87,0.9732,1.535318,71
15,-111.4181,0.9717,1.696031,82
16,-271.499,0.9703,1.759885,74
17,7.8867,0.9681,1.552659,116
18,-288.6068,0.9662,1.704778,98
19,-88.7552,0.9649,1.480728,69
20,-147.1628,0.9636,1.651119,70
21,-100.585,0.9618,1.724791,91
22,-166.3399,0.9601,1.713334,91
23,-185.9228,0.9581,1.593349,105
24,-93.3113,0.9569,1.681972,64
25,-98.0133,0.9556,1.517082,68
26,-112.5397,0.9537,1.641513,102
27,-241.2796,0.9523,1.435023,73
28,-90.0858,0.9511,1.401892,62
29,-125.9609,0.9492,1.296479,102
30,-123.1092,0.9471,1.510516,106
31,-253.6071,0.9452,1.402684,102
32,-195.0972,0.9432,1.321696,105
33,-106.0891,0.9409,1.755603,120
34,-131.6384,0.9394,1.433897,79
35,-134.4371,0.9371,1.223286,120
36,-216.914,0.9349,1.608545,119
37,-188.5977,0.9336,1.110186,70
38,-139.2833,0.9318,1.522999,92
39,-101.1224,0.9304,1.134678,76
40,-301.7977,0.9279,1.434319,128
41,-94.8872,0.9264,1.264434,80
42,-83.5583,0.9242,1.183342,117
43,-145.7853,0.9222,1.545164,107
44,-45.4276,0.9207,1.28352,75
45,-158.2402,0.9187,1.276918,105
46,-237.7908,0.9167,1.314123,107
47,-203.9291,0.9152,1.388447,77
48,-214.7144,0.9129,1.279182,125
49,-80.494,0.9109,1.357412,102
50,-197.99,0.9096,1.355913,68
51,48.9335,0.9081,1.528891,83
52,-92.6458,0.9066,1.322097,75
53,-103.9086,0.9046,1.387628,108
54,-79.7596,0.903,1.652063,82
55,-112.6252,0.9004,1.2587,139
56,-86.9252,0.8987,1.360252,87
57,-130.8274,0.8966,1.295984,111
58,-76.4654,0.8948,1.425867,98
59,-137.7279,0.8932,1.48206,84
60,10.6671,0.8902,1.385478,155
61,-74.4773,0.8888,1.493798,75
62,-210.9966,0.8865,1.3806,120
63,-56.6357,0.8851,1.751934,77
64,-110.777,0.883,1.420423,108
65,-113.885,0.8809,1.546701,110
66,-101.9284,0.879,1.338956,102
67,-347.8712,0.8763,1.359721,140
68,-326.2941,0.8744,1.286514,103
69,-75.8024,0.8729,1.296144,77
70,-97.2088,0.8715,1.474947,74
71,-82.7204,0.8697,1.2577,92
72,-152.0638,0.8677,1.237676,107
73,-137.891,0.8655,1.453952,117
74,-225.4501,0.8629,1.257168,135
75,-104.2935,0.8605,1.309549,127
76,-72.4762,0.859,1.388527,78
77,-52.7083,0.8576,1.588005,73
78,-126.8892,0.8552,1.271972,129
79,-106.704,0.8531,1.248159,110
80,-101.081,0.8513,1.357577,92
81,-60.2529,0.8495,1.202675,95
82,-98.9808,0.8479,1.325881,85
83,-144.6467,0.8454,1.434445,134
84,-94.9062,0.8437,1.515198,87
85,-57.2235,0.841,1.294739,145
86,-60.2662,0.8392,1.426965,95
87,-78.9064,0.8379,1.417328,64
88,-92.3767,0.836,1.331055,100
89,-82.4343,0.834,1.300231,110
90,-48.7241,0.8324,1.454884,80
91,-129.471,0.8304,1.380248,108
92,-69.6588,0.8283,1.390585,109
93,-182.2416,0.8265,1.414003,97
94,-108.5679,0.8249,1.326224,82
95,-73.146,0.8235,1.644461,75
96,-108.3591,0.8217,1.267863,94
97,-288.5907,0.8191,1.285673,137
98,-62.7824,0.8175,1.314744,84
99,-279.855,0.8151,1.325023,128
100,-142.1344,0.8129,1.385994,113
101,-125.8639,0.8109,1.134944,109
102,-73.5959,0.8096,1.334875,68
103,-119.0109,0.8075,1.579104,106
104,-208.9047,0.8052,1.242278,124
105,-93.5477,0.8038,1.386794,72
106,-90.0743,0.8011,1.319875,142
107,-117.0431,0.798,1.238315,164
108,-80.4734,0.7966,1.270751,74
109,-207.7135,0.7935,1.285071,163
110,-88.554,0.7908,1.150478,143
111,-56.5752,0.7876,1.35426,168
112,-121.3338,0.7855,1.389578,109
113,-93.7463,0.7843,1.225037,63
114,-98.8303,0.7821,1.365471,116
115,-41.034,0.7807,1.30805,74
116,-14.7879,0.7787,1.298169,106
117,-79.6215,0.7773,1.515768,75
118,-102.129,0.7753,1.394755,106
119,-35.8827,0.7726,1.360578,141
120,-32.253,0.7712,1.482707,71
121,-69.4254,0.7683,1.514549,153
122,-68.1666,0.767,1.252239,72
123,26.5085,0.7642,1.161309,145
124,-97.4443,0.7626,1.316938,86
125,-132.6682,0.7607,1.35195,98
126,-69.1245,0.7582,1.340636,130
127,-104.8577,0.7566,1.300545,87
128,-26.7962,0.7539,1.194357,141
129,30.739,0.7523,1.376409,86
130,-32.2771,0.7508,1.284824,78
131,-24.8291,0.7488,1.431941,106
132,-179.7702,0.7469,1.538754,101
133,-44.6419,0.7439,1.387485,158
134,-96.9492,0.7411,1.238567,144
135,-57.5451,0.7391,1.289147,107
136,-68.0343,0.7372,1.206992,102
137,-42.7613,0.7354,1.423007,92
138,-96.0771,0.7336,1.348283,96
139,-17.8839,0.7318,1.392974,95
140,-320.6348,0.7284,1.361751,179
141,-42.0786,0.7271,1.194788,66
142,-60.0962,0.7254,1.348225,93
143,-80.6019,0.7228,1.238969,135
144,-72.0042,0.7213,1.203031,80
145,-1.1622,0.718,1.356543,170
146,-99.2254,0.7167,1.318481,69
147,-136.0693,0.7144,1.422397,120
148,-142.0395,0.712,1.354042,131
149,-80.7109,0.7099,1.335412,106
150,-66.3829,0.708,1.315212,102
151,-71.8341,0.7063,1.501548,88
152,-35.9744,0.7049,1.451645,77
153,-84.5981,0.7033,1.333266,81
154,-60.6097,0.7004,1.344806,152
155,-60.4714,0.6985,1.255748,101
156,-36.7333,0.6969,1.252448,83
157,-62.5203,0.6956,1.376541,69
158,-41.1115,0.6941,1.312253,79
159,-86.1306,0.6919,1.322501,120
160,-81.6688,0.6903,1.077948,81
161,-26.4037,0.688,1.500056,122
162,-104.0157,0.6861,1.288445,101
163,-36.3903,0.683,1.163556,164
164,-65.1111,0.6812,1.261941,92
165,-75.6527,0.6789,1.118189,122
166,-60.2091,0.6772,1.363139,87
167,-11.6082,0.675,1.602751,120
168,-47.6068,0.6722,1.393573,147
169,-20.1923,0.67,1.383708,115
170,-49.4837,0.668,1.446303,106
171,-75.8239,0.6656,1.46819,125
172,-65.0579,0.6621,1.540558,184
173,-110.5449,0.6591,1.368542,157
174,-146.2769,0.6569,1.549102,117
175,-78.884,0.6542,1.354244,141
176,-51.6819,0.6518,1.523785,129
177,-90.3286,0.6494,1.298631,127
178,-23.693,0.6464,1.353769,158
179,-29.9615,0.6422,1.359609,219
180,-9.1424,0.6397,1.323319,133
181,-50.1907,0.6381,1.430996,82
182,-7.4025,0.6364,1.24443,88
183,24.6828,0.6335,1.351524,152
184,-22.0334,0.6309,1.313965,141
185,-47.4387,0.6286,1.374062,120
186,-53.5349,0.6253,1.194441,174
187,-23.9633,0.6217,1.355725,189
188,-73.281,0.6185,1.325274,170
189,-45.1938,0.616,1.441124,129
190,-49.7939,0.6126,1.409235,178
191,-58.5615,0.6113,1.347314,68
192,-66.4802,0.6092,1.387754,110
193,-72.0922,0.6061,1.404253,164
194,-17.8873,0.6044,1.476793,91
195,-196.3912,0.6022,1.403635,116
196,43.5301,0.6003,1.377028,102
197,-75.1122,0.5971,1.253777,167
198,-24.0497,0.5945,1.201546,137
199,-7.7321,0.592,1.359592,131
200,-19.4989,0.5887,1.44984,171
201,-36.2257,0.5871,1.709603,87
202,-42.4743,0.5833,1.276737,202
203,-85.7483,0.5808,1.324204,131
204,-43.693,0.5784,1.385034,122
205,-121.3982,0.5748,1.322783,190
206,-50.1671,0.5715,1.450872,178
207,-58.2838,0.5687,1.290251,145
208,-40.6964,0.5668,1.192986,100
209,9.5669,0.5645,1.337827,119
210,-73.0295,0.562,1.459015,134
211,-36.8422,0.5582,1.259448,199
212,-83.5392,0.5565,1.411026,89
213,-64.5593,0.5542,1.418285,120
214,-31.5509,0.5522,1.310779,107
215,-15.919,0.5505,1.451313,91
216,-68.5608,0.5471,1.41288,176
217,-30.0921,0.5446,1.442292,135
218,-51.6188,0.542,1.467316,134
219,-7.5235,0.5394,1.556468,139
220,-8.2563,0.5372,1.241334,116
221,-22.7748,0.534,1.317027,168
222,-59.33,0.5311,1.33506,150
223,-4.2492,0.5292,1.450555,100
224,-2.5973,0.5248,1.405735,232
225,-88.7852,0.5233,1.318539,78
226,-63.4753,0.5207,1.495071,137
227,-32.252,0.5177,1.431262,162
228,-75.2673,0.5142,1.284834,182
229,-37.977,0.5125,1.373107,91
230,-118.2664,0.5053,1.335675,377
231,12.2061,0.5029,1.455788,126
232,-46.9223,0.4982,1.597427,249
233,43.6994,0.4954,1.346349,146
234,-0.2838,0.4932,1.563831,117
235,-46.8953,0.4896,1.548934,189
236,-3.8455,0.4837,1.396971,313
237,-63.4929,0.4814,1.382478,121
238,-146.4232,0.4719,1.320141,500
239,15.6939,0.4624,1.345286,500
240,-27.4647,0.4606,1.341996,92
241,-62.8491,0.4587,1.421341,98
242,1.6072,0.4559,1.445955,151
243,-64.3104,0.4464,1.441676,500
244,-33.0873,0.4407,1.486553,297
245,-16.6313,0.4342,1.449496,345
246,-161.2919,0.429,1.550947,274
247,76.0991,0.4195,1.402577,500
248,110.1424,0.41,1.502178,500
249,-48.995,0.4065,1.368054,181
250,-34.0456,0.4041,1.45999,129
251,90.7933,0.3946,1.40112,500
252,31.0657,0.391,1.497803,187
253,78.1943,0.3815,1.544418,500
254,46.7516,0.372,1.515012,500
255,-26.6698,0.3625,1.534491,500
256,90.4527,0.353,1.538913,500
257,-15.1828,0.3513,1.44106,92
258,-57.759,0.3493,1.626099,106
259,-30.2675,0.3398,1.589423,500
260,-41.0663,0.3303,1.568362,500
261,-5.5025,0.3276,1.502189,141
262,44.5595,0.3181,1.628627,500
263,3.317,0.3158,1.412905,122
264,-25.3496,0.3111,1.588242,246
265,14.6646,0.3016,1.589186,500
266,-97.016,0.2991,1.595575,134
267,85.4516,0.2896,1.667179,500
268,20.8606,0.2801,1.556725,500
269,41.5383,0.2706,1.426622,500
270,44.0374,0.2611,1.563854,500
271,-3.0722,0.2595,1.380264,81
272,-23.5506,0.2572,1.56569,124
273,67.5593,0.2477,1.553878,500
274,55.3039,0.2382,1.505796,500
275,104.617,0.2287,1.559504,500
276,211.2732,0.2209,1.483129,408
277,80.7684,0.2114,1.477129,500
278,-43.9838,0.2093,1.548207,110
279,63.7221,0.1998,1.562226,500
280,67.5685,0.1903,1.579707,500
281,78.0659,0.1808,1.642827,500
282,98.512,0.1713,1.585694,500
283,112.6134,0.1618,1.560469,500
284,52.8179,0.1523,1.532096,500
285,35.0922,0.1428,1.589815,500
286,50.5881,0.1333,1.542393,500
287,79.961,0.1238,1.512692,500
288,-9.345,0.1143,1.471403,500
289,101.9854,0.1048,1.529357,500
290,78.9519,0.0953,1.453909,500
291,53.4785,0.0858,1.456513,500
292,75.4585,0.0763,1.548952,500
293,62.7985,0.0668,1.507803,500
294,31.3151,0.0573,1.46479,500
295,120.6019,0.05,1.418152,500
296,73.708,0.05,1.478091,500
297,72.9672,0.05,1.423125,500
298,55.2106,0.05,1.389386,500
299,105.1484,0.05,1.499515,500
300,88.2147,0.05,1.47338,500
301,52.5938,0.05,1.505366,500
302,99.4995,0.05,1.372556,500
303,49.7244,0.05,1.332094,500
304,21.6971,0.05,1.421344,500
305,62.4564,0.05,1.325551,500
306,76.3676,0.05,1.459258,500
307,38.2722,0.05,1.48588,500
308,83.2207,0.05,1.540179,500
309,98.6249,0.05,1.476354,500
310,54.3717,0.05,1.424423,500
311,94.9478,0.05,1.456301,500
312,71.2627,0.05,1.354676,500
313,96.9914,0.05,1.36199,500
314,70.2346,0.05,1.357082,500
315,48.2176,0.05,1.398751,500
316,79.261,0.05,1.384306,500
317,59.0662,0.05,1.427686,500
318,85.4474,0.05,1.482462,500
319,111.3652,0.05,1.338372,500
320,86.5846,0.05,1.315424,500
321,98.3132,0.05,1.341319,500
322,96.1942,0.05,1.258944,500
323,76.1981,0.05,1.446165,500
324,97.3764,0.05,1.407102,500
325,92.9828,0.05,1.275617,500
326,113.8199,0.05,1.30606,500
327,84.722,0.05,1.239927,500
328,74.8292,0.05,1.325798,500
329,86.931,0.05,1.42257,500
330,52.0708,0.05,1.238829,500
331,79.6035,0.05,1.314836,500
332,113.2733,0.05,1.289639,500
333,88.6918,0.05,1.308554,500
334,64.2677,0.05,1.307538,500
335,81.4568,0.05,1.320616,500
336,117.7263,0.05,1.243162,500
337,44.8481,0.05,1.28999,500
338,69.7072,0.05,1.342855,500
339,86.323,0.05,1.295232,500
340,84.0756,0.05,1.312231,500
341,98.7366,0.05,1.301153,500
342,110.3501,0.05,1.263758,500
343,95.6542,0.05,1.300017,500
344,76.3368,0.05,1.281041,500
345,68.9544,0.05,1.183586,500
346,111.611,0.05,1.393833,500
347,110.6708,0.05,1.194556,500
348,-22.555,0.05,1.324827,500
349,93.2304,0.05,1.152092,500
350,72.7536,0.05,1.240596,500
351,83.7994,0.05,1.200328,500
352,98.1494,0.05,1.147593,500
353,109.4354,0.05,1.20118,500
354,51.7584,0.05,1.180037,500
355,88.8292,0.05,1.171616,500
356,80.8471,0.05,1.273358,500
357,100.7659,0.05,1.300998,500
358,80.4421,0.05,1.216687,500
359,53.1286,0.05,1.23727,500
360,73.6511,0.05,1.099221,500
361,86.223,0.05,1.206577,500
362,71.2888,0.05,1.235863,500
363,73.658,0.05,1.167686,500
364,144.6952,0.05,1.207537,500
365,104.3854,0.05,1.176439,500
366,84.9617,0.05,1.098349,500
367,107.773,0.05,1.12799,500
368,52.4754,0.05,1.156898,500
369,101.8753,0.05,1.228241,500
370,204.3705,0.05,1.144966,490
371,245.5129,0.05,1.13603,312
372,57.8966,0.05,1.137908,500
373,44.5525,0.05,1.137815,500
374,87.0731,0.05,1.148004,500
375,56.2963,0.05,1.241514,500
376,149.7963,0.05,1.175496,500
377,123.3736,0.05,1.144614,500
378,88.4876,0.05,1.085541,500
379,87.0173,0.05,0.987942,500
380,68.5452,0.05,1.138096,500
381,81.274,0.05,1.051839,500
382,74.1656,0.05,1.145944,500
383,100.6967,0.05,1.087449,500
384,54.8784,0.05,1.117515,500
385,88.2374,0.05,1.171227,500
386,97.1424,0.05,1.087268,500
387,73.2794,0.05,1.146096,500
388,89.4683,0.05,1.128466,500
389,68.3993,0.05,1.125239,500
390,67.3151,0.05,1.074996,500
391,159.4008,0.05,1.116669,500
392,177.3893,0.05,1.054301,500
393,105.4419,0.05,1.044865,500
394,54.6307,0.05,1.091329,500
395,74.0347,0.05,1.068615,500
396,103.2293,0.05,1.089833,500
397,48.922,0.05,1.047915,500
398,68.2294,0.05,1.031858,500
399,68.6463,0.05,1.020402,500
400,265.9511,0.05,1.01958,310
401,72.8695,0.05,0.876427,500
402,117.2715,0.05,0.835266,500
403,240.9061,0.05,0.844712,209
404,81.0657,0.05,0.895074,500
405,82.628,0.05,0.939089,500
406,86.125,0.05,0.867914,500
407,97.9174,0.05,0.860661,500
408,70.3402,0.05,0.825213,500
409,265.6476,0.05,0.707397,188
410,132.6486,0.05,0.851066,500
411,109.5628,0.05,0.761531,500
412,219.8051,0.05,0.780968,292
413,234.84,0.05,0.80351,468
414,240.4476,0.05,0.76222,275
415,268.7915,0.05,0.706784,230
416,228.882,0.05,0.740515,428
417,187.84,0.05,0.748433,242
418,234.3394,0.05,0.79867,197
419,315.4787,0.05,0.774219,312
420,151.6518,0.05,0.749886,500
421,-17.7525,0.05,0.868497,137
422,153.2942,0.05,0.765486,500
423,106.5381,0.05,0.739767,500
424,121.9539,0.05,0.733599,500
425,239.99,0.05,0.739474,267
426,39.9756,0.05,0.718984,157
427,276.5258,0.05,0.700891,263
428,-43.5494,0.05,0.688096,90
429,198.0765,0.05,0.715228,487
430,49.8238,0.05,0.719096,169
431,-59.4764,0.05,0.65551,191
432,279.5454,0.05,0.734317,255
433,276.6733,0.05,0.646109,366
434,79.178,0.05,0.690368,500
435,201.035,0.05,0.712958,283
436,68.6984,0.05,0.716542,159
437,242.204,0.05,0.713136,497
438,208.8661,0.05,0.668241,217
439,284.7172,0.05,0.635455,349
440,240.9507,0.05,0.694631,263
441,276.5966,0.05,0.781847,264
442,281.6029,0.05,0.693678,208
443,240.7187,0.05,0.636059,290
444,249.934,0.05,0.714416,337
445,288.6162,0.05,0.654064,326
446,165.1194,0.05,0.678965,500
447,257.3787,0.05,0.647507,462
448,12.6972,0.05,0.714161,180
449,143.3626,0.05,0.627573,500
450,230.0081,0.05,0.672336,417
451,88.4524,0.05,0.637339,500
452,154.4467,0.05,0.682504,500
453,269.081,0.05,0.609525,193
454,10.4886,0.05,0.611812,147
455,253.2931,0.05,0.610034,413
456,234.3591,0.05,0.63642,337
457,292.3502,0.05,0.650337,226
458,17.2082,0.05,0.645101,500
459,248.2029,0.05,0.683996,252
460,62.577,0.05,0.642438,500
461,264.9265,0.05,0.622781,379
462,276.4067,0.05,0.643926,210
463,154.026,0.05,0.629471,500
464,269.8781,0.05,0.60093,312
465,140.9092,0.05,0.632783,500
466,242.7433,0.05,0.677564,289
467,243.0835,0.05,0.630057,279
468,263.2502,0.05,0.593242,271
469,27.0898,0.05,0.624527,500
470,29.415,0.05,0.593449,500
471,205.4042,0.05,0.640065,441
472,291.7448,0.05,0.656347,223
473,284.0298,0.05,0.58582,271
474,261.2198,0.05,0.616597,245
475,240.9853,0.05,0.641297,331
476,145.1189,0.05,0.666457,500
477,256.4797,0.05,0.584791,222
478,268.7365,0.05,0.638145,347
479,-62.4554,0.05,0.547197,250
480,266.7777,0.05,0.617395,424
481,-39.7725,0.05,0.567028,500
482,254.7853,0.05,0.586608,425
483,232.9504,0.05,0.5165,338
484,287.9283,0.05,0.573321,334
485,292.413,0.05,0.523265,421
486,266.4774,0.05,0.563473,274
487,267.623,0.05,0.565776,395
488,252.8657,0.05,0.530171,306
489,244.2311,0.05,0.588976,298
490,29.6897,0.05,0.598729,500
491,269.0158,0.05,0.496713,433
492,225.8018,0.05,0.543608,268
493,147.774,0.05,0.503348,500
494,36.5888,0.05,0.496033,500
495,235.8932,0.05,0.496152,387
496,38.3082,0.05,0.450385,96
497,116.8337,0.05,0.511759,500
498,100.5031,0.05,0.528627,500
499,76.5936,0.05,0.544996,500
500,128.7335,0.05,0.491093,500
501,273.6146,0.05,0.542224,394
502,-26.5125,0.05,0.485815,500
503,286.4508,0.05,0.548535,250
504,93.9369,0.05,0.547474,500
505,-5.7023,0.05,0.556765,283
506,249.9533,0.05,0.550413,299
507,40.6968,0.05,0.537095,500
508,239.0988,0.05,0.476745,471
509,171.5535,0.05,0.525679,500
510,301.0017,0.05,0.538209,345
511,189.9244,0.05,0.544309,500
512,228.586,0.05,0.384752,214
513,153.5578,0.05,0.537668,500
514,257.142,0.05,0.535256,430
515,138.4975,0.05,0.510185,500
516,190.5019,0.05,0.490972,500
517,233.3408,0.05,0.521262,450
518,156.8011,0.05,0.52422,500
519,44.0354,0.05,0.565171,86
520,167.7891,0.05,0.525653,500
521,196.7603,0.05,0.552345,500
522,124.984,0.05,0.525959,500
523,162.9687,0.05,0.489731,500
524,300.8242,0.05,0.546443,262
525,124.2979,0.05,0.54512,500
526,237.6155,0.05,0.532951,471
527,264.6299,0.05,0.589308,344
528,244.2976,0.05,0.570124,340
529,276.8487,0.05,0.466859,230
530,94.0481,0.05,0.530888,500
531,35.2511,0.05,0.521126,500
532,249.4968,0.05,0.57524,306
533,97.1673,0.05,0.559249,500
534,257.0743,0.05,0.582619,275
535,243.2718,0.05,0.532986,273
536,219.0892,0.05,0.576952,281
537,274.2722,0.05,0.579902,380
538,-29.0518,0.05,0.5781,98
539,243.4486,0.05,0.556538,299
540,257.9604,0.05,0.591289,293
541,284.4175,0.05,0.533825,246
542,265.6889,0.05,0.535273,348
543,12.8884,0.05,0.56207,500
544,145.2815,0.05,0.550241,500
545,0.9921,0.05,0.536361,129
546,158.2728,0.05,0.580478,500
547,60.0884,0.05,0.572731,500
548,212.3622,0.05,0.585964,271
549,188.259,0.05,0.603254,500
550,137.5912,0.05,0.590365,500
551,285.7018,0.05,0.564552,297
552,231.1794,0.05,0.611312,475
553,116.1151,0.05,0.630731,500
554,200.0683,0.05,0.639296,380
555,149.9064,0.05,0.61033,500
556,127.5355,0.05,0.578025,500
557,171.5539,0.05,0.605082,500
558,250.9798,0.05,0.636933,286
559,242.3722,0.05,0.614456,252
560,96.8738,0.05,0.626728,500
561,41.1003,0.05,0.613797,144
562,232.6358,0.05,0.573549,495
563,236.5229,0.05,0.653265,308
564,262.6933,0.05,0.627623,270
565,149.5715,0.05,0.581996,500
566,233.878,0.05,0.605056,475
567,293.2672,0.05,0.585567,394
568,11.9032,0.05,0.616451,106
569,299.3294,0.05,0.621917,320
570,239.4178,0.05,0.669964,454
571,271.623,0.05,0.584012,229
572,154.5498,0.05,0.674033,500
573,159.6904,0.05,0.589623,500
574,217.6725,0.05,0.641918,487
575,221.7316,0.05,0.617921,456
576,247.149,0.05,0.637194,340
577,171.7833,0.05,0.628358,500
578,258.9049,0.05,0.579801,310
579,276.3092,0.05,0.639261,243
580,275.4023,0.05,0.570587,239
581,146.7142,0.05,0.631807,500
582,293.6953,0.05,0.580446,240
583,116.8087,0.05,0.588821,500
584,255.9101,0.05,0.62839,428
585,243.9546,0.05,0.610296,408
586,279.5501,0.05,0.588826,220
587,223.458,0.05,0.65109,281
588,244.4773,0.05,0.659928,400
589,169.3015,0.05,0.598237,500
590,261.4147,0.05,0.589946,424
591,234.937,0.05,0.565502,293
592,262.0625,0.05,0.625348,320
593,151.8979,0.05,0.622383,500
594,252.503,0.05,0.626165,309
595,237.8662,0.05,0.626983,367
596,264.9414,0.05,0.633564,422
597,264.7343,0.05,0.669255,246
598,241.1151,0.05,0.626667,486
599,113.2705,0.05,0.647704,500
600,165.495,0.05,0.648661,500
